Workbook
Name Mes: Parametros!$G$2:$G$13
Name Proveedores: Parametros!$A$2:$A$622
Name Tipo: Parametros!$E$2:$E$6

Sheet Parametros
A1: PROVEEDOR | B1: MOD ENTREGA | C1: Modelo | E1: Tipo Pfolio. | G1: Mes
A2: A51 CLOTHING SAS | B2: CEDI | C2: FIRME | E2: Reprogramable | G2: ENERO
A3: ADRIANA ASTRID PINEDA ALZATE | B3: CEDI | C3: FIRME | E3: Repro Prov. Solo. | G3: FEBRERO
A4: AGREDO NARVAEZ LINDA JENIFFER | B4: CEDI | C4: FIRME | E4: Líneas | G4: MARZO
A5: ALBERTO PAVA OSPINA | B5: CEDI | C5: FIRME | E5: Línea Prov. Solo. | G5: ABRIL
A6: ALEXANDRA GIRALDO CHICA | B6: CEDI | C6: FIRME | E6: Pdp | G6: MAYO
A7: ALIA SIOUFI SEJNAUI | B7: CEDI | C7: VMI | G7: JUNIO
A8: ALIANZA INTEGRAL DE SERVICIO ALISER SAS | B8: CEDI | C8: FIRME | G8: JULIO
A9: ALIANZA TEXTIL MEDELLIN SAS | B9: CEDI | C9: FIRME | G9: AGOSTO
A10: ALISARDO RESTREPO BUITRAGO | B10: CEDI | C10: FIRME | G10: SEPTIEMBRE
A11: ALPHA INTERNATIONAL SAS | B11: CEDI | C11: FIRME | G11: OCTUBRE
A12: ALVARO CARVAJAL SERRANO | B12: CEDI | C12: FIRME | G12: NOVIEMBRE
A13: ALVARO ZAMORA LOMBANA | B13: CEDI | C13: FIRME | G13: DICIEMBRE
A14: ALZATE GIRALDO GABRIELA ORFANY | B14: CEDI | C14: FIRME
A15: AMARTEX SAS | B15: CEDI | C15: FIRME
A16: AMATEX SAS | B16: CEDI | C16: FIRME
A17: AMAYA ROBLES PEDRO JULIO | B17: CEDI | C17: FIRME
A18: AMERICA ZONA LIBRE S.A | B18: CEDI | C18: FIRME
A19: ANDRADE VARGAS LORENA | B19: CEDI | C19: FIRME
A20: ANDRES MAURICIO SANCHEZ MOREANO | B20: CEDI | C20: FIRME
A21: ANGEL ANTONIO REYES QUINTERO | B21: CEDI | C21: FIRME
A22: ANKARA FASHION LTDA (EN CONSIGNACION) | B22: CEDI | C22: VMI
A23: ANKARA FHASHION LTDA | B23: CEDI | C23: FIRME
A24: APEX GROUP SAS | B24: CEDI | C24: FIRME
A25: ARCITEX SAS | B25: CEDI | C25: FIRME
... A629: SHERON SAS | B629: CEDI | C629: VMI

Sheet Consolidado
I1: Total GNR -> | J1: =SUBTOTAL(9,J3:J1048576) -> 577381.62
A2: Codigo | B2: Categoría | C2: Consumidor | D2: Universo | E2: Producto | F2: Tendencia | G2: RN | H2: Talla | I2: Color | J2: Cantidad | K2: Mes | L2: Fecha llegada | M2: Desc. Prov. | N2: Tipo | O2: Precio | P2: Modelo | Q2: Cross Docking | R2: Observación | S2: Observaciones comprador | T2: cat | U2: c | V2: Observación1
A3: REF LN FM BTA 45 | B3: BEBITA | C3: EXPLORADOR | D3: DEPORTIVO | E3: CAMISETA | F3: MODA | G3: 1 | H3: 18-24 | I3: 1 | J3: 0 | K3: FEBRERO | L3: 45341 | M3: - | N3: FIRME | O3: 0 | P3: Líneas | Q3: CEDI | R3: BEBITAEXPLORADORDEPORTIVOCAMISETAMODA | S3: NO ES CURVA MINIMA | T3: =+IF(B3="NINA","INFANTIL",IF(B3="NINO","INFANTIL",IF(B3="BEBITA","INFANTIL",IF(B3="BEBITO","INFANTIL",IF(B3="BEBE","INFANTIL",IF(B3="HOGAR","HOGAR Y COMPLEMENTOS",IF(B3="COMPLEMENTOS","HOGAR Y COMPLEMENTOS",IF(B3="COLEGIAL","HOGAR Y COMPLEMENTOS",IF(B3="INT MUJER","INTERIOR",IF(B3="INT HOMBRE","INTERIOR",IF(B3="INT NINA","INTERIOR",IF(B3="INT NINO","INTERIOR",IF(B3="INT BEBITA","INTERIOR",IF(B3="INT BEBITO","INTERIOR",IF(B3="MUJER","MUJER",IF(B3="HOMBRE","HOMBRE","")))))))))))))))) -> INFANTIL | V3: Planeación Inicial | AA3: =+CONCATENATE(T3,B3,C3,D3,E3,F3) -> INFANTILBEBITAEXPLORADORDEPORTIVOCAMISETAMODA
A4: REF LN FM BTA 45 | B4: BEBITA | C4: EXPLORADOR | D4: DEPORTIVO | E4: CAMISETA | F4: MODA | G4: 1 | H4: 12-18 | I4: 1 | J4: 0 | K4: FEBRERO | L4: 45341 | M4: - | N4: FIRME | O4: 0 | P4: Líneas | Q4: CEDI | R4: BEBITAEXPLORADORDEPORTIVOCAMISETAMODA | S4: NO ES CURVA MINIMA | T4: =+IF(B4="NINA","INFANTIL",IF(B4="NINO","INFANTIL",IF(B4="BEBITA","INFANTIL",IF(B4="BEBITO","INFANTIL",IF(B4="BEBE","INFANTIL",IF(B4="HOGAR","HOGAR Y COMPLEMENTOS",IF(B4="COMPLEMENTOS","HOGAR Y COMPLEMENTOS",IF(B4="COLEGIAL","HOGAR Y COMPLEMENTOS",IF(B4="INT MUJER","INTERIOR",IF(B4="INT HOMBRE","INTERIOR",IF(B4="INT NINA","INTERIOR",IF(B4="INT NINO","INTERIOR",IF(B4="INT BEBITA","INTERIOR",IF(B4="INT BEBITO","INTERIOR",IF(B4="MUJER","MUJER",IF(B4="HOMBRE","HOMBRE","")))))))))))))))) -> INFANTIL | V4: Planeación Inicial | AA4: =+CONCATENATE(T4,B4,C4,D4,E4,F4) -> INFANTILBEBITAEXPLORADORDEPORTIVOCAMISETAMODA
A5: REF LN FM BTA 45 | B5: BEBITA | C5: EXPLORADOR | D5: DEPORTIVO | E5: CAMISETA | F5: MODA | G5: 1 | H5: 6-12 | I5: 1 | J5: 0 | K5: FEBRERO | L5: 45341 | M5: - | N5: FIRME | O5: 0 | P5: Líneas | Q5: CEDI | R5: BEBITAEXPLORADORDEPORTIVOCAMISETAMODA | S5: NO ES CURVA MINIMA | T5: =+IF(B5="NINA","INFANTIL",IF(B5="NINO","INFANTIL",IF(B5="BEBITA","INFANTIL",IF(B5="BEBITO","INFANTIL",IF(B5="BEBE","INFANTIL",IF(B5="HOGAR","HOGAR Y COMPLEMENTOS",IF(B5="COMPLEMENTOS","HOGAR Y COMPLEMENTOS",IF(B5="COLEGIAL","HOGAR Y COMPLEMENTOS",IF(B5="INT MUJER","INTERIOR",IF(B5="INT HOMBRE","INTERIOR",IF(B5="INT NINA","INTERIOR",IF(B5="INT NINO","INTERIOR",IF(B5="INT BEBITA","INTERIOR",IF(B5="INT BEBITO","INTERIOR",IF(B5="MUJER","MUJER",IF(B5="HOMBRE","HOMBRE","")))))))))))))))) -> INFANTIL | V5: Planeación Inicial | AA5: =+CONCATENATE(T5,B5,C5,D5,E5,F5) -> INFANTILBEBITAEXPLORADORDEPORTIVOCAMISETAMODA
A6: REF LN FM BTA 45 | B6: BEBITA | C6: EXPLORADOR | D6: DEPORTIVO | E6: CAMISETA | F6: MODA | G6: 1 | H6: 24-36 | I6: 1 | J6: 0 | K6: FEBRERO | L6: 45341 | M6: - | N6: FIRME | O6: 0 | P6: Líneas | Q6: CEDI | R6: BEBITAEXPLORADORDEPORTIVOCAMISETAMODA | S6: NO ES CURVA MINIMA | T6: =+IF(B6="NINA","INFANTIL",IF(B6="NINO","INFANTIL",IF(B6="BEBITA","INFANTIL",IF(B6="BEBITO","INFANTIL",IF(B6="BEBE","INFANTIL",IF(B6="HOGAR","HOGAR Y COMPLEMENTOS",IF(B6="COMPLEMENTOS","HOGAR Y COMPLEMENTOS",IF(B6="COLEGIAL","HOGAR Y COMPLEMENTOS",IF(B6="INT MUJER","INTERIOR",IF(B6="INT HOMBRE","INTERIOR",IF(B6="INT NINA","INTERIOR",IF(B6="INT NINO","INTERIOR",IF(B6="INT BEBITA","INTERIOR",IF(B6="INT BEBITO","INTERIOR",IF(B6="MUJER","MUJER",IF(B6="HOMBRE","HOMBRE","")))))))))))))))) -> INFANTIL | V6: Planeación Inicial | AA6: =+CONCATENATE(T6,B6,C6,D6,E6,F6) -> INFANTILBEBITAEXPLORADORDEPORTIVOCAMISETAMODA
A7: REF LN FM BTA 52 | B7: BEBITA | C7: EXPLORADOR | D7: DESCANSO | E7: CONJUNTO | F7: BASICO MODA | G7: 1 | H7: 18-24 | I7: 1 | J7: 0 | K7: FEBRERO | L7: 45331 | M7: - | N7: FIRME | O7: 0 | P7: Líneas | Q7: CEDI | R7: BEBITAEXPLORADORDESCANSOCONJUNTOBASICO MODA | T7: =+IF(B7="NINA","INFANTIL",IF(B7="NINO","INFANTIL",IF(B7="BEBITA","INFANTIL",IF(B7="BEBITO","INFANTIL",IF(B7="BEBE","INFANTIL",IF(B7="HOGAR","HOGAR Y COMPLEMENTOS",IF(B7="COMPLEMENTOS","HOGAR Y COMPLEMENTOS",IF(B7="COLEGIAL","HOGAR Y COMPLEMENTOS",IF(B7="INT MUJER","INTERIOR",IF(B7="INT HOMBRE","INTERIOR",IF(B7="INT NINA","INTERIOR",IF(B7="INT NINO","INTERIOR",IF(B7="INT BEBITA","INTERIOR",IF(B7="INT BEBITO","INTERIOR",IF(B7="MUJER","MUJER",IF(B7="HOMBRE","HOMBRE","")))))))))))))))) -> INFANTIL | V7: Planeación Inicial | AA7: =+CONCATENATE(T7,B7,C7,D7,E7,F7) -> INFANTILBEBITAEXPLORADORDESCANSOCONJUNTOBASICO MODA
A8: REF LN FM BTA 52 | B8: BEBITA | C8: EXPLORADOR | D8: DESCANSO | E8: CONJUNTO | F8: BASICO MODA | G8: 1 | H8: 12-18 | I8: 1 | J8: 0 | K8: FEBRERO | L8: 45331 | M8: - | N8: FIRME | O8: 0 | P8: Líneas | Q8: CEDI | R8: BEBITAEXPLORADORDESCANSOCONJUNTOBASICO MODA | T8: =+IF(B8="NINA","INFANTIL",IF(B8="NINO","INFANTIL",IF(B8="BEBITA","INFANTIL",IF(B8="BEBITO","INFANTIL",IF(B8="BEBE","INFANTIL",IF(B8="HOGAR","HOGAR Y COMPLEMENTOS",IF(B8="COMPLEMENTOS","HOGAR Y COMPLEMENTOS",IF(B8="COLEGIAL","HOGAR Y COMPLEMENTOS",IF(B8="INT MUJER","INTERIOR",IF(B8="INT HOMBRE","INTERIOR",IF(B8="INT NINA","INTERIOR",IF(B8="INT NINO","INTERIOR",IF(B8="INT BEBITA","INTERIOR",IF(B8="INT BEBITO","INTERIOR",IF(B8="MUJER","MUJER",IF(B8="HOMBRE","HOMBRE","")))))))))))))))) -> INFANTIL | V8: Planeación Inicial | AA8: =+CONCATENATE(T8,B8,C8,D8,E8,F8) -> INFANTILBEBITAEXPLORADORDESCANSOCONJUNTOBASICO MODA
A9: REF LN FM BTA 52 | B9: BEBITA | C9: EXPLORADOR | D9: DESCANSO | E9: CONJUNTO | F9: BASICO MODA | G9: 1 | H9: 6-12 | I9: 1 | J9: 0 | K9: FEBRERO | L9: 45331 | M9: - | N9: FIRME | O9: 0 | P9: Líneas | Q9: CEDI | R9: BEBITAEXPLORADORDESCANSOCONJUNTOBASICO MODA | T9: =+IF(B9="NINA","INFANTIL",IF(B9="NINO","INFANTIL",IF(B9="BEBITA","INFANTIL",IF(B9="BEBITO","INFANTIL",IF(B9="BEBE","INFANTIL",IF(B9="HOGAR","HOGAR Y COMPLEMENTOS",IF(B9="COMPLEMENTOS","HOGAR Y COMPLEMENTOS",IF(B9="COLEGIAL","HOGAR Y COMPLEMENTOS",IF(B9="INT MUJER","INTERIOR",IF(B9="INT HOMBRE","INTERIOR",IF(B9="INT NINA","INTERIOR",IF(B9="INT NINO","INTERIOR",IF(B9="INT BEBITA","INTERIOR",IF(B9="INT BEBITO","INTERIOR",IF(B9="MUJER","MUJER",IF(B9="HOMBRE","HOMBRE","")))))))))))))))) -> INFANTIL | V9: Planeación Inicial | AA9: =+CONCATENATE(T9,B9,C9,D9,E9,F9) -> INFANTILBEBITAEXPLORADORDESCANSOCONJUNTOBASICO MODA
A10: REF LN FM BTA 52 | B10: BEBITA | C10: EXPLORADOR | D10: DESCANSO | E10: CONJUNTO | F10: BASICO MODA | G10: 1 | H10: 24-36 | I10: 1 | J10: 0 | K10: FEBRERO | L10: 45331 | M10: - | N10: FIRME | O10: 0 | P10: Líneas | Q10: CEDI | R10: BEBITAEXPLORADORDESCANSOCONJUNTOBASICO MODA | T10: =+IF(B10="NINA","INFANTIL",IF(B10="NINO","INFANTIL",IF(B10="BEBITA","INFANTIL",IF(B10="BEBITO","INFANTIL",IF(B10="BEBE","INFANTIL",IF(B10="HOGAR","HOGAR Y COMPLEMENTOS",IF(B10="COMPLEMENTOS","HOGAR Y COMPLEMENTOS",IF(B10="COLEGIAL","HOGAR Y COMPLEMENTOS",IF(B10="INT MUJER","INTERIOR",IF(B10="INT HOMBRE","INTERIOR",IF(B10="INT NINA","INTERIOR",IF(B10="INT NINO","INTERIOR",IF(B10="INT BEBITA","INTERIOR",IF(B10="INT BEBITO","INTERIOR",IF(B10="MUJER","MUJER",IF(B10="HOMBRE","HOMBRE","")))))))))))))))) -> INFANTIL | V10: Planeación Inicial | AA10: =+CONCATENATE(T10,B10,C10,D10,E10,F10) -> INFANTILBEBITAEXPLORADORDESCANSOCONJUNTOBASICO MODA
A11: REF LN FM BTA 53 | B11: BEBITA | C11: EXPLORADOR | D11: DESCANSO | E11: CONJUNTO | F11: MODA | G11: 1 | H11: 18-24 | I11: 1 | J11: 0 | K11: FEBRERO | L11: 45334 | M11: - | N11: FIRME | O11: 0 | P11: Líneas | Q11: CEDI | R11: BEBITAEXPLORADORDESCANSOCONJUNTOMODA | T11: =+IF(B11="NINA","INFANTIL",IF(B11="NINO","INFANTIL",IF(B11="BEBITA","INFANTIL",IF(B11="BEBITO","INFANTIL",IF(B11="BEBE","INFANTIL",IF(B11="HOGAR","HOGAR Y COMPLEMENTOS",IF(B11="COMPLEMENTOS","HOGAR Y COMPLEMENTOS",IF(B11="COLEGIAL","HOGAR Y COMPLEMENTOS",IF(B11="INT MUJER","INTERIOR",IF(B11="INT HOMBRE","INTERIOR",IF(B11="INT NINA","INTERIOR",IF(B11="INT NINO","INTERIOR",IF(B11="INT BEBITA","INTERIOR",IF(B11="INT BEBITO","INTERIOR",IF(B11="MUJER","MUJER",IF(B11="HOMBRE","HOMBRE","")))))))))))))))) -> INFANTIL | V11: Planeación Inicial | AA11: =+CONCATENATE(T11,B11,C11,D11,E11,F11) -> INFANTILBEBITAEXPLORADORDESCANSOCONJUNTOMODA
A12: REF LN FM BTA 53 | B12: BEBITA | C12: EXPLORADOR | D12: DESCANSO | E12: CONJUNTO | F12: MODA | G12: 1 | H12: 12-18 | I12: 1 | J12: 0 | K12: FEBRERO | L12: 45334 | M12: - | N12: FIRME | O12: 0 | P12: Líneas | Q12: CEDI | R12: BEBITAEXPLORADORDESCANSOCONJUNTOMODA | T12: =+IF(B12="NINA","INFANTIL",IF(B12="NINO","INFANTIL",IF(B12="BEBITA","INFANTIL",IF(B12="BEBITO","INFANTIL",IF(B12="BEBE","INFANTIL",IF(B12="HOGAR","HOGAR Y COMPLEMENTOS",IF(B12="COMPLEMENTOS","HOGAR Y COMPLEMENTOS",IF(B12="COLEGIAL","HOGAR Y COMPLEMENTOS",IF(B12="INT MUJER","INTERIOR",IF(B12="INT HOMBRE","INTERIOR",IF(B12="INT NINA","INTERIOR",IF(B12="INT NINO","INTERIOR",IF(B12="INT BEBITA","INTERIOR",IF(B12="INT BEBITO","INTERIOR",IF(B12="MUJER","MUJER",IF(B12="HOMBRE","HOMBRE","")))))))))))))))) -> INFANTIL | V12: Planeación Inicial | AA12: =+CONCATENATE(T12,B12,C12,D12,E12,F12) -> INFANTILBEBITAEXPLORADORDESCANSOCONJUNTOMODA
A13: REF LN FM BTA 53 | B13: BEBITA | C13: EXPLORADOR | D13: DESCANSO | E13: CONJUNTO | F13: MODA | G13: 1 | H13: 6-12 | I13: 1 | J13: 0 | K13: FEBRERO | L13: 45334 | M13: - | N13: FIRME | O13: 0 | P13: Líneas | Q13: CEDI | R13: BEBITAEXPLORADORDESCANSOCONJUNTOMODA | T13: =+IF(B13="NINA","INFANTIL",IF(B13="NINO","INFANTIL",IF(B13="BEBITA","INFANTIL",IF(B13="BEBITO","INFANTIL",IF(B13="BEBE","INFANTIL",IF(B13="HOGAR","HOGAR Y COMPLEMENTOS",IF(B13="COMPLEMENTOS","HOGAR Y COMPLEMENTOS",IF(B13="COLEGIAL","HOGAR Y COMPLEMENTOS",IF(B13="INT MUJER","INTERIOR",IF(B13="INT HOMBRE","INTERIOR",IF(B13="INT NINA","INTERIOR",IF(B13="INT NINO","INTERIOR",IF(B13="INT BEBITA","INTERIOR",IF(B13="INT BEBITO","INTERIOR",IF(B13="MUJER","MUJER",IF(B13="HOMBRE","HOMBRE","")))))))))))))))) -> INFANTIL | V13: Planeación Inicial | AA13: =+CONCATENATE(T13,B13,C13,D13,E13,F13) -> INFANTILBEBITAEXPLORADORDESCANSOCONJUNTOMODA
A14: REF LN FM BTA 53 | B14: BEBITA | C14: EXPLORADOR | D14: DESCANSO | E14: CONJUNTO | F14: MODA | G14: 1 | H14: 24-36 | I14: 1 | J14: 0 | K14: FEBRERO | L14: 45334 | M14: - | N14: FIRME | O14: 0 | P14: Líneas | Q14: CEDI | R14: BEBITAEXPLORADORDESCANSOCONJUNTOMODA | T14: =+IF(B14="NINA","INFANTIL",IF(B14="NINO","INFANTIL",IF(B14="BEBITA","INFANTIL",IF(B14="BEBITO","INFANTIL",IF(B14="BEBE","INFANTIL",IF(B14="HOGAR","HOGAR Y COMPLEMENTOS",IF(B14="COMPLEMENTOS","HOGAR Y COMPLEMENTOS",IF(B14="COLEGIAL","HOGAR Y COMPLEMENTOS",IF(B14="INT MUJER","INTERIOR",IF(B14="INT HOMBRE","INTERIOR",IF(B14="INT NINA","INTERIOR",IF(B14="INT NINO","INTERIOR",IF(B14="INT BEBITA","INTERIOR",IF(B14="INT BEBITO","INTERIOR",IF(B14="MUJER","MUJER",IF(B14="HOMBRE","HOMBRE","")))))))))))))))) -> INFANTIL | V14: Planeación Inicial | AA14: =+CONCATENATE(T14,B14,C14,D14,E14,F14) -> INFANTILBEBITAEXPLORADORDESCANSOCONJUNTOMODA
A15: REF LN FM BTA 54 | B15: BEBITA | C15: EXPLORADOR | D15: DESCANSO | E15: CONJUNTO | F15: MODA | G15: 1 | H15: 18-24 | I15: 1 | J15: 0 | K15: FEBRERO | L15: 45334 | M15: - | N15: FIRME | O15: 0 | P15: Líneas | Q15: CEDI | R15: BEBITAEXPLORADORDESCANSOCONJUNTOMODA | T15: =+IF(B15="NINA","INFANTIL",IF(B15="NINO","INFANTIL",IF(B15="BEBITA","INFANTIL",IF(B15="BEBITO","INFANTIL",IF(B15="BEBE","INFANTIL",IF(B15="HOGAR","HOGAR Y COMPLEMENTOS",IF(B15="COMPLEMENTOS","HOGAR Y COMPLEMENTOS",IF(B15="COLEGIAL","HOGAR Y COMPLEMENTOS",IF(B15="INT MUJER","INTERIOR",IF(B15="INT HOMBRE","INTERIOR",IF(B15="INT NINA","INTERIOR",IF(B15="INT NINO","INTERIOR",IF(B15="INT BEBITA","INTERIOR",IF(B15="INT BEBITO","INTERIOR",IF(B15="MUJER","MUJER",IF(B15="HOMBRE","HOMBRE","")))))))))))))))) -> INFANTIL | V15: Planeación Inicial | AA15: =+CONCATENATE(T15,B15,C15,D15,E15,F15) -> INFANTILBEBITAEXPLORADORDESCANSOCONJUNTOMODA
A16: REF LN FM BTA 54 | B16: BEBITA | C16: EXPLORADOR | D16: DESCANSO | E16: CONJUNTO | F16: MODA | G16: 1 | H16: 12-18 | I16: 1 | J16: 0 | K16: FEBRERO | L16: 45334 | M16: - | N16: FIRME | O16: 0 | P16: Líneas | Q16: CEDI | R16: BEBITAEXPLORADORDESCANSOCONJUNTOMODA | T16: =+IF(B16="NINA","INFANTIL",IF(B16="NINO","INFANTIL",IF(B16="BEBITA","INFANTIL",IF(B16="BEBITO","INFANTIL",IF(B16="BEBE","INFANTIL",IF(B16="HOGAR","HOGAR Y COMPLEMENTOS",IF(B16="COMPLEMENTOS","HOGAR Y COMPLEMENTOS",IF(B16="COLEGIAL","HOGAR Y COMPLEMENTOS",IF(B16="INT MUJER","INTERIOR",IF(B16="INT HOMBRE","INTERIOR",IF(B16="INT NINA","INTERIOR",IF(B16="INT NINO","INTERIOR",IF(B16="INT BEBITA","INTERIOR",IF(B16="INT BEBITO","INTERIOR",IF(B16="MUJER","MUJER",IF(B16="HOMBRE","HOMBRE","")))))))))))))))) -> INFANTIL | V16: Planeación Inicial | AA16: =+CONCATENATE(T16,B16,C16,D16,E16,F16) -> INFANTILBEBITAEXPLORADORDESCANSOCONJUNTOMODA
A17: REF LN FM BTA 54 | B17: BEBITA | C17: EXPLORADOR | D17: DESCANSO | E17: CONJUNTO | F17: MODA | G17: 1 | H17: 6-12 | I17: 1 | J17: 0 | K17: FEBRERO | L17: 45334 | M17: - | N17: FIRME | O17: 0 | P17: Líneas | Q17: CEDI | R17: BEBITAEXPLORADORDESCANSOCONJUNTOMODA | T17: =+IF(B17="NINA","INFANTIL",IF(B17="NINO","INFANTIL",IF(B17="BEBITA","INFANTIL",IF(B17="BEBITO","INFANTIL",IF(B17="BEBE","INFANTIL",IF(B17="HOGAR","HOGAR Y COMPLEMENTOS",IF(B17="COMPLEMENTOS","HOGAR Y COMPLEMENTOS",IF(B17="COLEGIAL","HOGAR Y COMPLEMENTOS",IF(B17="INT MUJER","INTERIOR",IF(B17="INT HOMBRE","INTERIOR",IF(B17="INT NINA","INTERIOR",IF(B17="INT NINO","INTERIOR",IF(B17="INT BEBITA","INTERIOR",IF(B17="INT BEBITO","INTERIOR",IF(B17="MUJER","MUJER",IF(B17="HOMBRE","HOMBRE","")))))))))))))))) -> INFANTIL | V17: Planeación Inicial | AA17: =+CONCATENATE(T17,B17,C17,D17,E17,F17) -> INFANTILBEBITAEXPLORADORDESCANSOCONJUNTOMODA
A18: REF LN FM BTA 54 | B18: BEBITA | C18: EXPLORADOR | D18: DESCANSO | E18: CONJUNTO | F18: MODA | G18: 1 | H18: 24-36 | I18: 1 | J18: 0 | K18: FEBRERO | L18: 45334 | M18: - | N18: FIRME | O18: 0 | P18: Líneas | Q18: CEDI | R18: BEBITAEXPLORADORDESCANSOCONJUNTOMODA | T18: =+IF(B18="NINA","INFANTIL",IF(B18="NINO","INFANTIL",IF(B18="BEBITA","INFANTIL",IF(B18="BEBITO","INFANTIL",IF(B18="BEBE","INFANTIL",IF(B18="HOGAR","HOGAR Y COMPLEMENTOS",IF(B18="COMPLEMENTOS","HOGAR Y COMPLEMENTOS",IF(B18="COLEGIAL","HOGAR Y COMPLEMENTOS",IF(B18="INT MUJER","INTERIOR",IF(B18="INT HOMBRE","INTERIOR",IF(B18="INT NINA","INTERIOR",IF(B18="INT NINO","INTERIOR",IF(B18="INT BEBITA","INTERIOR",IF(B18="INT BEBITO","INTERIOR",IF(B18="MUJER","MUJER",IF(B18="HOMBRE","HOMBRE","")))))))))))))))) -> INFANTIL | V18: Planeación Inicial | AA18: =+CONCATENATE(T18,B18,C18,D18,E18,F18) -> INFANTILBEBITAEXPLORADORDESCANSOCONJUNTOMODA
... A22: REF LN FM BTA 55 | B22: BEBITA | C22: EXPLORADOR | D22: DESCANSO | E22: CONJUNTO | F22: MODA | G22: 1 | H22: 24-36 | I22: 1 | J22: 0 | K22: FEBRERO | L22: 45334 | M22: - | N22: FIRME | O22: 0 | P22: Líneas | Q22: CEDI | R22: BEBITAEXPLORADORDESCANSOCONJUNTOMODA | T22: =+IF(B22="NINA","INFANTIL",IF(B22="NINO","INFANTIL",IF(B22="BEBITA","INFANTIL",IF(B22="BEBITO","INFANTIL",IF(B22="BEBE","INFANTIL",IF(B22="HOGAR","HOGAR Y COMPLEMENTOS",IF(B22="COMPLEMENTOS","HOGAR Y COMPLEMENTOS",IF(B22="COLEGIAL","HOGAR Y COMPLEMENTOS",IF(B22="INT MUJER","INTERIOR",IF(B22="INT HOMBRE","INTERIOR",IF(B22="INT NINA","INTERIOR",IF(B22="INT NINO","INTERIOR",IF(B22="INT BEBITA","INTERIOR",IF(B22="INT BEBITO","INTERIOR",IF(B22="MUJER","MUJER",IF(B22="HOMBRE","HOMBRE","")))))))))))))))) -> INFANTIL | V22: Planeación Inicial | AA22: =+CONCATENATE(T22,B22,C22,D22,E22,F22) -> INFANTILBEBITAEXPLORADORDESCANSOCONJUNTOMODA
A23: 269539 | B23: BEBITA | C23: DORMILON | D23: DESCANSO | E23: ESTUCHES | F23: BASICO MODA | G23: 1 | H23: NA | I23: NA | J23: 400 | K23: FEBRERO | L23: 45337 | M23: ALZATE GIRALDO ANGELA MARIBEL Y/O ALZATE GRIRALDO GABRIELA ORFANY | N23: FIRME | O23: 0 | P23: Reprogramable | Q23: CEDI | R23: BEBITADORMILONDESCANSOESTUCHESBASICO MODA | T23: =+IF(B23="NINA","INFANTIL",IF(B23="NINO","INFANTIL",IF(B23="BEBITA","INFANTIL",IF(B23="BEBITO","INFANTIL",IF(B23="BEBE","INFANTIL",IF(B23="HOGAR","HOGAR Y COMPLEMENTOS",IF(B23="COMPLEMENTOS","HOGAR Y COMPLEMENTOS",IF(B23="COLEGIAL","HOGAR Y COMPLEMENTOS",IF(B23="INT MUJER","INTERIOR",IF(B23="INT HOMBRE","INTERIOR",IF(B23="INT NINA","INTERIOR",IF(B23="INT NINO","INTERIOR",IF(B23="INT BEBITA","INTERIOR",IF(B23="INT BEBITO","INTERIOR",IF(B23="MUJER","MUJER",IF(B23="HOMBRE","HOMBRE","")))))))))))))))) -> INFANTIL | V23: Planeación Inicial | AA23: =+CONCATENATE(T23,B23,C23,D23,E23,F23) -> INFANTILBEBITADORMILONDESCANSOESTUCHESBASICO MODA
A24: 309253 | B24: BEBITA | C24: DORMILON | D24: DEPORTIVO | E24: CALZADO | F24: MODA | G24: 1 | H24: NA | I24: NA | J24: 173 | K24: FEBRERO | L24: 45337 | M24: ALZATE GIRALDO ANGELA MARIBEL Y/O ALZATE GRIRALDO GABRIELA ORFANY | N24: FIRME | O24: 0 | P24: Reprogramable | Q24: CEDI | R24: BEBITADORMILONDEPORTIVOCALZADOMODA | T24: =+IF(B24="NINA","INFANTIL",IF(B24="NINO","INFANTIL",IF(B24="BEBITA","INFANTIL",IF(B24="BEBITO","INFANTIL",IF(B24="BEBE","INFANTIL",IF(B24="HOGAR","HOGAR Y COMPLEMENTOS",IF(B24="COMPLEMENTOS","HOGAR Y COMPLEMENTOS",IF(B24="COLEGIAL","HOGAR Y COMPLEMENTOS",IF(B24="INT MUJER","INTERIOR",IF(B24="INT HOMBRE","INTERIOR",IF(B24="INT NINA","INTERIOR",IF(B24="INT NINO","INTERIOR",IF(B24="INT BEBITA","INTERIOR",IF(B24="INT BEBITO","INTERIOR",IF(B24="MUJER","MUJER",IF(B24="HOMBRE","HOMBRE","")))))))))))))))) -> INFANTIL | V24: Planeación Inicial | AA24: =+CONCATENATE(T24,B24,C24,D24,E24,F24) -> INFANTILBEBITADORMILONDEPORTIVOCALZADOMODA
A25: REF PDP 1T23 | B25: BEBITA | C25: EXPLORADOR | D25: DEPORTIVO | E25: CONJUNTO | F25: BASICO MODA | G25: 1 | H25: 6-12 | I25: NA | J25: 94 | K25: FEBRERO | L25: 45342 | M25: BOMBOO | N25: VMI | O25: 19900 | P25: PDP | Q25: CEDI | R25: BEBITAEXPLORADORDEPORTIVOCONJUNTOBASICO MODA | T25: =+IF(B25="NINA","INFANTIL",IF(B25="NINO","INFANTIL",IF(B25="BEBITA","INFANTIL",IF(B25="BEBITO","INFANTIL",IF(B25="BEBE","INFANTIL",IF(B25="HOGAR","HOGAR Y COMPLEMENTOS",IF(B25="COMPLEMENTOS","HOGAR Y COMPLEMENTOS",IF(B25="COLEGIAL","HOGAR Y COMPLEMENTOS",IF(B25="INT MUJER","INTERIOR",IF(B25="INT HOMBRE","INTERIOR",IF(B25="INT NINA","INTERIOR",IF(B25="INT NINO","INTERIOR",IF(B25="INT BEBITA","INTERIOR",IF(B25="INT BEBITO","INTERIOR",IF(B25="MUJER","MUJER",IF(B25="HOMBRE","HOMBRE","")))))))))))))))) -> INFANTIL | V25: Planeación Inicial | AA25: =+CONCATENATE(T25,B25,C25,D25,E25,F25) -> INFANTILBEBITAEXPLORADORDEPORTIVOCONJUNTOBASICO MODA
A26: REF PDP 1T23 | B26: BEBITA | C26: EXPLORADOR | D26: DEPORTIVO | E26: CONJUNTO | F26: BASICO MODA | G26: 1 | H26: 12-18 | I26: NA | J26: 86 | K26: FEBRERO | L26: 45342 | M26: BOMBOO | N26: VMI | O26: 19900 | P26: PDP | Q26: CEDI | R26: BEBITAEXPLORADORDEPORTIVOCONJUNTOBASICO MODA | T26: =+IF(B26="NINA","INFANTIL",IF(B26="NINO","INFANTIL",IF(B26="BEBITA","INFANTIL",IF(B26="BEBITO","INFANTIL",IF(B26="BEBE","INFANTIL",IF(B26="HOGAR","HOGAR Y COMPLEMENTOS",IF(B26="COMPLEMENTOS","HOGAR Y COMPLEMENTOS",IF(B26="COLEGIAL","HOGAR Y COMPLEMENTOS",IF(B26="INT MUJER","INTERIOR",IF(B26="INT HOMBRE","INTERIOR",IF(B26="INT NINA","INTERIOR",IF(B26="INT NINO","INTERIOR",IF(B26="INT BEBITA","INTERIOR",IF(B26="INT BEBITO","INTERIOR",IF(B26="MUJER","MUJER",IF(B26="HOMBRE","HOMBRE","")))))))))))))))) -> INFANTIL | V26: Planeación Inicial | AA26: =+CONCATENATE(T26,B26,C26,D26,E26,F26) -> INFANTILBEBITAEXPLORADORDEPORTIVOCONJUNTOBASICO MODA
A27: REF PDP 1T23 | B27: BEBITA | C27: EXPLORADOR | D27: DEPORTIVO | E27: CONJUNTO | F27: BASICO MODA | G27: 1 | H27: 18-24 | I27: NA | J27: 120 | K27: FEBRERO | L27: 45342 | M27: BOMBOO | N27: VMI | O27: 19900 | P27: PDP | Q27: CEDI | R27: BEBITAEXPLORADORDEPORTIVOCONJUNTOBASICO MODA | T27: =+IF(B27="NINA","INFANTIL",IF(B27="NINO","INFANTIL",IF(B27="BEBITA","INFANTIL",IF(B27="BEBITO","INFANTIL",IF(B27="BEBE","INFANTIL",IF(B27="HOGAR","HOGAR Y COMPLEMENTOS",IF(B27="COMPLEMENTOS","HOGAR Y COMPLEMENTOS",IF(B27="COLEGIAL","HOGAR Y COMPLEMENTOS",IF(B27="INT MUJER","INTERIOR",IF(B27="INT HOMBRE","INTERIOR",IF(B27="INT NINA","INTERIOR",IF(B27="INT NINO","INTERIOR",IF(B27="INT BEBITA","INTERIOR",IF(B27="INT BEBITO","INTERIOR",IF(B27="MUJER","MUJER",IF(B27="HOMBRE","HOMBRE","")))))))))))))))) -> INFANTIL | V27: Planeación Inicial | AA27: =+CONCATENATE(T27,B27,C27,D27,E27,F27) -> INFANTILBEBITAEXPLORADORDEPORTIVOCONJUNTOBASICO MODA
A28: REF PDP 1T23 | B28: BEBITA | C28: EXPLORADOR | D28: DEPORTIVO | E28: CONJUNTO | F28: BASICO MODA | G28: 1 | H28: 24-36 | I28: NA | J28: 120 | K28: FEBRERO | L28: 45342 | M28: BOMBOO | N28: VMI | O28: 19900 | P28: PDP | Q28: CEDI | R28: BEBITAEXPLORADORDEPORTIVOCONJUNTOBASICO MODA | T28: =+IF(B28="NINA","INFANTIL",IF(B28="NINO","INFANTIL",IF(B28="BEBITA","INFANTIL",IF(B28="BEBITO","INFANTIL",IF(B28="BEBE","INFANTIL",IF(B28="HOGAR","HOGAR Y COMPLEMENTOS",IF(B28="COMPLEMENTOS","HOGAR Y COMPLEMENTOS",IF(B28="COLEGIAL","HOGAR Y COMPLEMENTOS",IF(B28="INT MUJER","INTERIOR",IF(B28="INT HOMBRE","INTERIOR",IF(B28="INT NINA","INTERIOR",IF(B28="INT NINO","INTERIOR",IF(B28="INT BEBITA","INTERIOR",IF(B28="INT BEBITO","INTERIOR",IF(B28="MUJER","MUJER",IF(B28="HOMBRE","HOMBRE","")))))))))))))))) -> INFANTIL | V28: Planeación Inicial | AA28: =+CONCATENATE(T28,B28,C28,D28,E28,F28) -> INFANTILBEBITAEXPLORADORDEPORTIVOCONJUNTOBASICO MODA
A29: REF LN FM BTA 49 | B29: BEBITA | C29: EXPLORADOR | D29: DEPORTIVO | E29: CONJUNTO | F29: BASICO MODA | G29: 1 | H29: 18-24 | I29: 1 | J29: 112 | K29: FEBRERO | L29: 45337 | M29: C.I CREYTEX S.A.S | N29: FIRME | O29: 0 | P29: Líneas | Q29: CEDI | R29: BEBITAEXPLORADORDEPORTIVOCONJUNTOBASICO MODA | T29: =+IF(B29="NINA","INFANTIL",IF(B29="NINO","INFANTIL",IF(B29="BEBITA","INFANTIL",IF(B29="BEBITO","INFANTIL",IF(B29="BEBE","INFANTIL",IF(B29="HOGAR","HOGAR Y COMPLEMENTOS",IF(B29="COMPLEMENTOS","HOGAR Y COMPLEMENTOS",IF(B29="COLEGIAL","HOGAR Y COMPLEMENTOS",IF(B29="INT MUJER","INTERIOR",IF(B29="INT HOMBRE","INTERIOR",IF(B29="INT NINA","INTERIOR",IF(B29="INT NINO","INTERIOR",IF(B29="INT BEBITA","INTERIOR",IF(B29="INT BEBITO","INTERIOR",IF(B29="MUJER","MUJER",IF(B29="HOMBRE","HOMBRE","")))))))))))))))) -> INFANTIL | V29: Planeación Inicial | AA29: =+CONCATENATE(T29,B29,C29,D29,E29,F29) -> INFANTILBEBITAEXPLORADORDEPORTIVOCONJUNTOBASICO MODA
A30: REF LN FM BTA 49 | B30: BEBITA | C30: EXPLORADOR | D30: DEPORTIVO | E30: CONJUNTO | F30: BASICO MODA | G30: 1 | H30: 12-18 | I30: 1 | J30: 96 | K30: FEBRERO | L30: 45337 | M30: C.I CREYTEX S.A.S | N30: FIRME | O30: 0 | P30: Líneas | Q30: CEDI | R30: BEBITAEXPLORADORDEPORTIVOCONJUNTOBASICO MODA | T30: =+IF(B30="NINA","INFANTIL",IF(B30="NINO","INFANTIL",IF(B30="BEBITA","INFANTIL",IF(B30="BEBITO","INFANTIL",IF(B30="BEBE","INFANTIL",IF(B30="HOGAR","HOGAR Y COMPLEMENTOS",IF(B30="COMPLEMENTOS","HOGAR Y COMPLEMENTOS",IF(B30="COLEGIAL","HOGAR Y COMPLEMENTOS",IF(B30="INT MUJER","INTERIOR",IF(B30="INT HOMBRE","INTERIOR",IF(B30="INT NINA","INTERIOR",IF(B30="INT NINO","INTERIOR",IF(B30="INT BEBITA","INTERIOR",IF(B30="INT BEBITO","INTERIOR",IF(B30="MUJER","MUJER",IF(B30="HOMBRE","HOMBRE","")))))))))))))))) -> INFANTIL | V30: Planeación Inicial | AA30: =+CONCATENATE(T30,B30,C30,D30,E30,F30) -> INFANTILBEBITAEXPLORADORDEPORTIVOCONJUNTOBASICO MODA
A31: REF LN FM BTA 49 | B31: BEBITA | C31: EXPLORADOR | D31: DEPORTIVO | E31: CONJUNTO | F31: BASICO MODA | G31: 1 | H31: 6-12 | I31: 1 | J31: 0 | K31: FEBRERO | L31: 45337 | M31: C.I CREYTEX S.A.S | N31: FIRME | O31: 0 | P31: Líneas | Q31: CEDI | R31: BEBITAEXPLORADORDEPORTIVOCONJUNTOBASICO MODA | T31: =+IF(B31="NINA","INFANTIL",IF(B31="NINO","INFANTIL",IF(B31="BEBITA","INFANTIL",IF(B31="BEBITO","INFANTIL",IF(B31="BEBE","INFANTIL",IF(B31="HOGAR","HOGAR Y COMPLEMENTOS",IF(B31="COMPLEMENTOS","HOGAR Y COMPLEMENTOS",IF(B31="COLEGIAL","HOGAR Y COMPLEMENTOS",IF(B31="INT MUJER","INTERIOR",IF(B31="INT HOMBRE","INTERIOR",IF(B31="INT NINA","INTERIOR",IF(B31="INT NINO","INTERIOR",IF(B31="INT BEBITA","INTERIOR",IF(B31="INT BEBITO","INTERIOR",IF(B31="MUJER","MUJER",IF(B31="HOMBRE","HOMBRE","")))))))))))))))) -> INFANTIL | V31: Planeación Inicial | AA31: =+CONCATENATE(T31,B31,C31,D31,E31,F31) -> INFANTILBEBITAEXPLORADORDEPORTIVOCONJUNTOBASICO MODA
A32: REF LN FM BTA 49 | B32: BEBITA | C32: EXPLORADOR | D32: DEPORTIVO | E32: CONJUNTO | F32: BASICO MODA | G32: 1 | H32: 24-36 | I32: 1 | J32: 114 | K32: FEBRERO | L32: 45337 | M32: C.I CREYTEX S.A.S | N32: FIRME | O32: 0 | P32: Líneas | Q32: CEDI | R32: BEBITAEXPLORADORDEPORTIVOCONJUNTOBASICO MODA | T32: =+IF(B32="NINA","INFANTIL",IF(B32="NINO","INFANTIL",IF(B32="BEBITA","INFANTIL",IF(B32="BEBITO","INFANTIL",IF(B32="BEBE","INFANTIL",IF(B32="HOGAR","HOGAR Y COMPLEMENTOS",IF(B32="COMPLEMENTOS","HOGAR Y COMPLEMENTOS",IF(B32="COLEGIAL","HOGAR Y COMPLEMENTOS",IF(B32="INT MUJER","INTERIOR",IF(B32="INT HOMBRE","INTERIOR",IF(B32="INT NINA","INTERIOR",IF(B32="INT NINO","INTERIOR",IF(B32="INT BEBITA","INTERIOR",IF(B32="INT BEBITO","INTERIOR",IF(B32="MUJER","MUJER",IF(B32="HOMBRE","HOMBRE","")))))))))))))))) -> INFANTIL | V32: Planeación Inicial | AA32: =+CONCATENATE(T32,B32,C32,D32,E32,F32) -> INFANTILBEBITAEXPLORADORDEPORTIVOCONJUNTOBASICO MODA
A33: REF LN FM BTA 42 | B33: BEBITA | C33: EXPLORADOR | D33: DEPORTIVO | E33: CAMISETA | F33: BASICO MODA | G33: 1 | H33: 18-24 | I33: 1 | J33: 138 | K33: FEBRERO | L33: 45341 | M33: CONFETEX DE COLOMBIA SAS | N33: FIRME | O33: 0 | P33: Líneas | Q33: CEDI | R33: BEBITAEXPLORADORDEPORTIVOCAMISETABASICO MODA | T33: =+IF(B33="NINA","INFANTIL",IF(B33="NINO","INFANTIL",IF(B33="BEBITA","INFANTIL",IF(B33="BEBITO","INFANTIL",IF(B33="BEBE","INFANTIL",IF(B33="HOGAR","HOGAR Y COMPLEMENTOS",IF(B33="COMPLEMENTOS","HOGAR Y COMPLEMENTOS",IF(B33="COLEGIAL","HOGAR Y COMPLEMENTOS",IF(B33="INT MUJER","INTERIOR",IF(B33="INT HOMBRE","INTERIOR",IF(B33="INT NINA","INTERIOR",IF(B33="INT NINO","INTERIOR",IF(B33="INT BEBITA","INTERIOR",IF(B33="INT BEBITO","INTERIOR",IF(B33="MUJER","MUJER",IF(B33="HOMBRE","HOMBRE","")))))))))))))))) -> INFANTIL | V33: Planeación Inicial | AA33: =+CONCATENATE(T33,B33,C33,D33,E33,F33) -> INFANTILBEBITAEXPLORADORDEPORTIVOCAMISETABASICO MODA
A34: REF LN FM BTA 42 | B34: BEBITA | C34: EXPLORADOR | D34: DEPORTIVO | E34: CAMISETA | F34: BASICO MODA | G34: 1 | H34: 12-18 | I34: 1 | J34: 87 | K34: FEBRERO | L34: 45341 | M34: CONFETEX DE COLOMBIA SAS | N34: FIRME | O34: 0 | P34: Líneas | Q34: CEDI | R34: BEBITAEXPLORADORDEPORTIVOCAMISETABASICO MODA | T34: =+IF(B34="NINA","INFANTIL",IF(B34="NINO","INFANTIL",IF(B34="BEBITA","INFANTIL",IF(B34="BEBITO","INFANTIL",IF(B34="BEBE","INFANTIL",IF(B34="HOGAR","HOGAR Y COMPLEMENTOS",IF(B34="COMPLEMENTOS","HOGAR Y COMPLEMENTOS",IF(B34="COLEGIAL","HOGAR Y COMPLEMENTOS",IF(B34="INT MUJER","INTERIOR",IF(B34="INT HOMBRE","INTERIOR",IF(B34="INT NINA","INTERIOR",IF(B34="INT NINO","INTERIOR",IF(B34="INT BEBITA","INTERIOR",IF(B34="INT BEBITO","INTERIOR",IF(B34="MUJER","MUJER",IF(B34="HOMBRE","HOMBRE","")))))))))))))))) -> INFANTIL | V34: Planeación Inicial | AA34: =+CONCATENATE(T34,B34,C34,D34,E34,F34) -> INFANTILBEBITAEXPLORADORDEPORTIVOCAMISETABASICO MODA
A35: REF LN FM BTA 42 | B35: BEBITA | C35: EXPLORADOR | D35: DEPORTIVO | E35: CAMISETA | F35: BASICO MODA | G35: 1 | H35: 6-12 | I35: 1 | J35: 85 | K35: FEBRERO | L35: 45341 | M35: CONFETEX DE COLOMBIA SAS | N35: FIRME | O35: 0 | P35: Líneas | Q35: CEDI | R35: BEBITAEXPLORADORDEPORTIVOCAMISETABASICO MODA | T35: =+IF(B35="NINA","INFANTIL",IF(B35="NINO","INFANTIL",IF(B35="BEBITA","INFANTIL",IF(B35="BEBITO","INFANTIL",IF(B35="BEBE","INFANTIL",IF(B35="HOGAR","HOGAR Y COMPLEMENTOS",IF(B35="COMPLEMENTOS","HOGAR Y COMPLEMENTOS",IF(B35="COLEGIAL","HOGAR Y COMPLEMENTOS",IF(B35="INT MUJER","INTERIOR",IF(B35="INT HOMBRE","INTERIOR",IF(B35="INT NINA","INTERIOR",IF(B35="INT NINO","INTERIOR",IF(B35="INT BEBITA","INTERIOR",IF(B35="INT BEBITO","INTERIOR",IF(B35="MUJER","MUJER",IF(B35="HOMBRE","HOMBRE","")))))))))))))))) -> INFANTIL | V35: Planeación Inicial | AA35: =+CONCATENATE(T35,B35,C35,D35,E35,F35) -> INFANTILBEBITAEXPLORADORDEPORTIVOCAMISETABASICO MODA
A36: REF LN FM BTA 42 | B36: BEBITA | C36: EXPLORADOR | D36: DEPORTIVO | E36: CAMISETA | F36: BASICO MODA | G36: 1 | H36: 24-36 | I36: 1 | J36: 134 | K36: FEBRERO | L36: 45341 | M36: CONFETEX DE COLOMBIA SAS | N36: FIRME | O36: 0 | P36: Líneas | Q36: CEDI | R36: BEBITAEXPLORADORDEPORTIVOCAMISETABASICO MODA | T36: =+IF(B36="NINA","INFANTIL",IF(B36="NINO","INFANTIL",IF(B36="BEBITA","INFANTIL",IF(B36="BEBITO","INFANTIL",IF(B36="BEBE","INFANTIL",IF(B36="HOGAR","HOGAR Y COMPLEMENTOS",IF(B36="COMPLEMENTOS","HOGAR Y COMPLEMENTOS",IF(B36="COLEGIAL","HOGAR Y COMPLEMENTOS",IF(B36="INT MUJER","INTERIOR",IF(B36="INT HOMBRE","INTERIOR",IF(B36="INT NINA","INTERIOR",IF(B36="INT NINO","INTERIOR",IF(B36="INT BEBITA","INTERIOR",IF(B36="INT BEBITO","INTERIOR",IF(B36="MUJER","MUJER",IF(B36="HOMBRE","HOMBRE","")))))))))))))))) -> INFANTIL | V36: Planeación Inicial | AA36: =+CONCATENATE(T36,B36,C36,D36,E36,F36) -> INFANTILBEBITAEXPLORADORDEPORTIVOCAMISETABASICO MODA
A37: REF LN FM BTA 43 | B37: BEBITA | C37: EXPLORADOR | D37: DEPORTIVO | E37: CAMISETA | F37: BASICO MODA | G37: 1 | H37: 18-24 | I37: 1 | J37: 138 | K37: FEBRERO | L37: 45341 | M37: CONFETEX DE COLOMBIA SAS | N37: FIRME | O37: 0 | P37: Líneas | Q37: CEDI | R37: BEBITAEXPLORADORDEPORTIVOCAMISETABASICO MODA | T37: =+IF(B37="NINA","INFANTIL",IF(B37="NINO","INFANTIL",IF(B37="BEBITA","INFANTIL",IF(B37="BEBITO","INFANTIL",IF(B37="BEBE","INFANTIL",IF(B37="HOGAR","HOGAR Y COMPLEMENTOS",IF(B37="COMPLEMENTOS","HOGAR Y COMPLEMENTOS",IF(B37="COLEGIAL","HOGAR Y COMPLEMENTOS",IF(B37="INT MUJER","INTERIOR",IF(B37="INT HOMBRE","INTERIOR",IF(B37="INT NINA","INTERIOR",IF(B37="INT NINO","INTERIOR",IF(B37="INT BEBITA","INTERIOR",IF(B37="INT BEBITO","INTERIOR",IF(B37="MUJER","MUJER",IF(B37="HOMBRE","HOMBRE","")))))))))))))))) -> INFANTIL | V37: Planeación Inicial | AA37: =+CONCATENATE(T37,B37,C37,D37,E37,F37) -> INFANTILBEBITAEXPLORADORDEPORTIVOCAMISETABASICO MODA
A38: REF LN FM BTA 43 | B38: BEBITA | C38: EXPLORADOR | D38: DEPORTIVO | E38: CAMISETA | F38: BASICO MODA | G38: 1 | H38: 12-18 | I38: 1 | J38: 87 | K38: FEBRERO | L38: 45341 | M38: CONFETEX DE COLOMBIA SAS | N38: FIRME | O38: 0 | P38: Líneas | Q38: CEDI | R38: BEBITAEXPLORADORDEPORTIVOCAMISETABASICO MODA | T38: =+IF(B38="NINA","INFANTIL",IF(B38="NINO","INFANTIL",IF(B38="BEBITA","INFANTIL",IF(B38="BEBITO","INFANTIL",IF(B38="BEBE","INFANTIL",IF(B38="HOGAR","HOGAR Y COMPLEMENTOS",IF(B38="COMPLEMENTOS","HOGAR Y COMPLEMENTOS",IF(B38="COLEGIAL","HOGAR Y COMPLEMENTOS",IF(B38="INT MUJER","INTERIOR",IF(B38="INT HOMBRE","INTERIOR",IF(B38="INT NINA","INTERIOR",IF(B38="INT NINO","INTERIOR",IF(B38="INT BEBITA","INTERIOR",IF(B38="INT BEBITO","INTERIOR",IF(B38="MUJER","MUJER",IF(B38="HOMBRE","HOMBRE","")))))))))))))))) -> INFANTIL | V38: Planeación Inicial | AA38: =+CONCATENATE(T38,B38,C38,D38,E38,F38) -> INFANTILBEBITAEXPLORADORDEPORTIVOCAMISETABASICO MODA
A39: REF LN FM BTA 43 | B39: BEBITA | C39: EXPLORADOR | D39: DEPORTIVO | E39: CAMISETA | F39: BASICO MODA | G39: 1 | H39: 6-12 | I39: 1 | J39: 85 | K39: FEBRERO | L39: 45341 | M39: CONFETEX DE COLOMBIA SAS | N39: FIRME | O39: 0 | P39: Líneas | Q39: CEDI | R39: BEBITAEXPLORADORDEPORTIVOCAMISETABASICO MODA | T39: =+IF(B39="NINA","INFANTIL",IF(B39="NINO","INFANTIL",IF(B39="BEBITA","INFANTIL",IF(B39="BEBITO","INFANTIL",IF(B39="BEBE","INFANTIL",IF(B39="HOGAR","HOGAR Y COMPLEMENTOS",IF(B39="COMPLEMENTOS","HOGAR Y COMPLEMENTOS",IF(B39="COLEGIAL","HOGAR Y COMPLEMENTOS",IF(B39="INT MUJER","INTERIOR",IF(B39="INT HOMBRE","INTERIOR",IF(B39="INT NINA","INTERIOR",IF(B39="INT NINO","INTERIOR",IF(B39="INT BEBITA","INTERIOR",IF(B39="INT BEBITO","INTERIOR",IF(B39="MUJER","MUJER",IF(B39="HOMBRE","HOMBRE","")))))))))))))))) -> INFANTIL | V39: Planeación Inicial | AA39: =+CONCATENATE(T39,B39,C39,D39,E39,F39) -> INFANTILBEBITAEXPLORADORDEPORTIVOCAMISETABASICO MODA
A40: REF LN FM BTA 43 | B40: BEBITA | C40: EXPLORADOR | D40: DEPORTIVO | E40: CAMISETA | F40: BASICO MODA | G40: 1 | H40: 24-36 | I40: 1 | J40: 134 | K40: FEBRERO | L40: 45341 | M40: CONFETEX DE COLOMBIA SAS | N40: FIRME | O40: 0 | P40: Líneas | Q40: CEDI | R40: BEBITAEXPLORADORDEPORTIVOCAMISETABASICO MODA | T40: =+IF(B40="NINA","INFANTIL",IF(B40="NINO","INFANTIL",IF(B40="BEBITA","INFANTIL",IF(B40="BEBITO","INFANTIL",IF(B40="BEBE","INFANTIL",IF(B40="HOGAR","HOGAR Y COMPLEMENTOS",IF(B40="COMPLEMENTOS","HOGAR Y COMPLEMENTOS",IF(B40="COLEGIAL","HOGAR Y COMPLEMENTOS",IF(B40="INT MUJER","INTERIOR",IF(B40="INT HOMBRE","INTERIOR",IF(B40="INT NINA","INTERIOR",IF(B40="INT NINO","INTERIOR",IF(B40="INT BEBITA","INTERIOR",IF(B40="INT BEBITO","INTERIOR",IF(B40="MUJER","MUJER",IF(B40="HOMBRE","HOMBRE","")))))))))))))))) -> INFANTIL | V40: Planeación Inicial | AA40: =+CONCATENATE(T40,B40,C40,D40,E40,F40) -> INFANTILBEBITAEXPLORADORDEPORTIVOCAMISETABASICO MODA
... A52: REF LN FM BTA 51 | B52: BEBITA | C52: EXPLORADOR | D52: DEPORTIVO | E52: VESTIDO | F52: BASICO MODA | G52: 1 | H52: 24-36 | I52: 1 | J52: 74 | K52: FEBRERO | L52: 45341 | M52: CONFETEX DE COLOMBIA SAS | N52: FIRME | O52: 0 | P52: Líneas | Q52: CEDI | R52: BEBITAEXPLORADORDEPORTIVOVESTIDOBASICO MODA | T52: =+IF(B52="NINA","INFANTIL",IF(B52="NINO","INFANTIL",IF(B52="BEBITA","INFANTIL",IF(B52="BEBITO","INFANTIL",IF(B52="BEBE","INFANTIL",IF(B52="HOGAR","HOGAR Y COMPLEMENTOS",IF(B52="COMPLEMENTOS","HOGAR Y COMPLEMENTOS",IF(B52="COLEGIAL","HOGAR Y COMPLEMENTOS",IF(B52="INT MUJER","INTERIOR",IF(B52="INT HOMBRE","INTERIOR",IF(B52="INT NINA","INTERIOR",IF(B52="INT NINO","INTERIOR",IF(B52="INT BEBITA","INTERIOR",IF(B52="INT BEBITO","INTERIOR",IF(B52="MUJER","MUJER",IF(B52="HOMBRE","HOMBRE","")))))))))))))))) -> INFANTIL | V52: Planeación Inicial | AA52: =+CONCATENATE(T52,B52,C52,D52,E52,F52) -> INFANTILBEBITAEXPLORADORDEPORTIVOVESTIDOBASICO MODA
A53: REF PDP 1T22 | B53: BEBITA | C53: DORMILON | D53: DEPORTIVO | E53: MAMELUCO | F53: BASICO MODA | G53: 1 | H53: 0-6 | I53: NA | J53: 0 | K53: FEBRERO | L53: 45344 | M53: CONFETEX DE COLOMBIA SAS | N53: VMI | O53: 11950 | P53: PDP | Q53: CEDI | R53: BEBITADORMILONDEPORTIVOMAMELUCOBASICO MODA | S53: SE COMPRO EN ENERO PARA HACER CURVA EN FIRME | T53: =+IF(B53="NINA","INFANTIL",IF(B53="NINO","INFANTIL",IF(B53="BEBITA","INFANTIL",IF(B53="BEBITO","INFANTIL",IF(B53="BEBE","INFANTIL",IF(B53="HOGAR","HOGAR Y COMPLEMENTOS",IF(B53="COMPLEMENTOS","HOGAR Y COMPLEMENTOS",IF(B53="COLEGIAL","HOGAR Y COMPLEMENTOS",IF(B53="INT MUJER","INTERIOR",IF(B53="INT HOMBRE","INTERIOR",IF(B53="INT NINA","INTERIOR",IF(B53="INT NINO","INTERIOR",IF(B53="INT BEBITA","INTERIOR",IF(B53="INT BEBITO","INTERIOR",IF(B53="MUJER","MUJER",IF(B53="HOMBRE","HOMBRE","")))))))))))))))) -> INFANTIL | V53: Planeación Inicial | AA53: =+CONCATENATE(T53,B53,C53,D53,E53,F53) -> INFANTILBEBITADORMILONDEPORTIVOMAMELUCOBASICO MODA
A54: REF PDP 1T22 | B54: BEBITA | C54: DORMILON | D54: DEPORTIVO | E54: MAMELUCO | F54: BASICO MODA | G54: 1 | H54: 6-12 | I54: NA | J54: 0 | K54: FEBRERO | L54: 45344 | M54: CONFETEX DE COLOMBIA SAS | N54: VMI | O54: 11950 | P54: PDP | Q54: CEDI | R54: BEBITADORMILONDEPORTIVOMAMELUCOBASICO MODA | S54: SE COMPRO EN ENERO PARA HACER CURVA EN FIRME | T54: =+IF(B54="NINA","INFANTIL",IF(B54="NINO","INFANTIL",IF(B54="BEBITA","INFANTIL",IF(B54="BEBITO","INFANTIL",IF(B54="BEBE","INFANTIL",IF(B54="HOGAR","HOGAR Y COMPLEMENTOS",IF(B54="COMPLEMENTOS","HOGAR Y COMPLEMENTOS",IF(B54="COLEGIAL","HOGAR Y COMPLEMENTOS",IF(B54="INT MUJER","INTERIOR",IF(B54="INT HOMBRE","INTERIOR",IF(B54="INT NINA","INTERIOR",IF(B54="INT NINO","INTERIOR",IF(B54="INT BEBITA","INTERIOR",IF(B54="INT BEBITO","INTERIOR",IF(B54="MUJER","MUJER",IF(B54="HOMBRE","HOMBRE","")))))))))))))))) -> INFANTIL | V54: Planeación Inicial | AA54: =+CONCATENATE(T54,B54,C54,D54,E54,F54) -> INFANTILBEBITADORMILONDEPORTIVOMAMELUCOBASICO MODA
A55: REF PDP 1T22 | B55: BEBITA | C55: DORMILON | D55: DEPORTIVO | E55: MAMELUCO | F55: BASICO MODA | G55: 1 | H55: 12-18 | I55: NA | J55: 0 | K55: FEBRERO | L55: 45344 | M55: CONFETEX DE COLOMBIA SAS | N55: VMI | O55: 11950 | P55: PDP | Q55: CEDI | R55: BEBITADORMILONDEPORTIVOMAMELUCOBASICO MODA | S55: SE COMPRO EN ENERO PARA HACER CURVA EN FIRME | T55: =+IF(B55="NINA","INFANTIL",IF(B55="NINO","INFANTIL",IF(B55="BEBITA","INFANTIL",IF(B55="BEBITO","INFANTIL",IF(B55="BEBE","INFANTIL",IF(B55="HOGAR","HOGAR Y COMPLEMENTOS",IF(B55="COMPLEMENTOS","HOGAR Y COMPLEMENTOS",IF(B55="COLEGIAL","HOGAR Y COMPLEMENTOS",IF(B55="INT MUJER","INTERIOR",IF(B55="INT HOMBRE","INTERIOR",IF(B55="INT NINA","INTERIOR",IF(B55="INT NINO","INTERIOR",IF(B55="INT BEBITA","INTERIOR",IF(B55="INT BEBITO","INTERIOR",IF(B55="MUJER","MUJER",IF(B55="HOMBRE","HOMBRE","")))))))))))))))) -> INFANTIL | V55: Planeación Inicial | AA55: =+CONCATENATE(T55,B55,C55,D55,E55,F55) -> INFANTILBEBITADORMILONDEPORTIVOMAMELUCOBASICO MODA
A56: REF PDP 1T22 | B56: BEBITA | C56: DORMILON | D56: DEPORTIVO | E56: MAMELUCO | F56: BASICO MODA | G56: 1 | H56: 18-24 | I56: NA | J56: 0 | K56: FEBRERO | L56: 45344 | M56: CONFETEX DE COLOMBIA SAS | N56: VMI | O56: 11950 | P56: PDP | Q56: CEDI | R56: BEBITADORMILONDEPORTIVOMAMELUCOBASICO MODA | S56: SE COMPRO EN ENERO PARA HACER CURVA EN FIRME | T56: =+IF(B56="NINA","INFANTIL",IF(B56="NINO","INFANTIL",IF(B56="BEBITA","INFANTIL",IF(B56="BEBITO","INFANTIL",IF(B56="BEBE","INFANTIL",IF(B56="HOGAR","HOGAR Y COMPLEMENTOS",IF(B56="COMPLEMENTOS","HOGAR Y COMPLEMENTOS",IF(B56="COLEGIAL","HOGAR Y COMPLEMENTOS",IF(B56="INT MUJER","INTERIOR",IF(B56="INT HOMBRE","INTERIOR",IF(B56="INT NINA","INTERIOR",IF(B56="INT NINO","INTERIOR",IF(B56="INT BEBITA","INTERIOR",IF(B56="INT BEBITO","INTERIOR",IF(B56="MUJER","MUJER",IF(B56="HOMBRE","HOMBRE","")))))))))))))))) -> INFANTIL | V56: Planeación Inicial | AA56: =+CONCATENATE(T56,B56,C56,D56,E56,F56) -> INFANTILBEBITADORMILONDEPORTIVOMAMELUCOBASICO MODA
A57: REF PDP 1T24 | B57: BEBITA | C57: EXPLORADOR | D57: CASUAL | E57: CONJUNTO | F57: BASICO MODA | G57: 1 | H57: 6-12 | I57: NA | J57: 86 | K57: FEBRERO | L57: 45341 | M57: CONFETEX DE COLOMBIA SAS | N57: VMI | O57: 19900 | P57: PDP | Q57: CEDI | R57: BEBITAEXPLORADORCASUALCONJUNTOBASICO MODA | T57: =+IF(B57="NINA","INFANTIL",IF(B57="NINO","INFANTIL",IF(B57="BEBITA","INFANTIL",IF(B57="BEBITO","INFANTIL",IF(B57="BEBE","INFANTIL",IF(B57="HOGAR","HOGAR Y COMPLEMENTOS",IF(B57="COMPLEMENTOS","HOGAR Y COMPLEMENTOS",IF(B57="COLEGIAL","HOGAR Y COMPLEMENTOS",IF(B57="INT MUJER","INTERIOR",IF(B57="INT HOMBRE","INTERIOR",IF(B57="INT NINA","INTERIOR",IF(B57="INT NINO","INTERIOR",IF(B57="INT BEBITA","INTERIOR",IF(B57="INT BEBITO","INTERIOR",IF(B57="MUJER","MUJER",IF(B57="HOMBRE","HOMBRE","")))))))))))))))) -> INFANTIL | V57: Planeación Inicial | AA57: =+CONCATENATE(T57,B57,C57,D57,E57,F57) -> INFANTILBEBITAEXPLORADORCASUALCONJUNTOBASICO MODA
A58: REF PDP 1T24 | B58: BEBITA | C58: EXPLORADOR | D58: CASUAL | E58: CONJUNTO | F58: BASICO MODA | G58: 1 | H58: 12-18 | I58: NA | J58: 98 | K58: FEBRERO | L58: 45341 | M58: CONFETEX DE COLOMBIA SAS | N58: VMI | O58: 19900 | P58: PDP | Q58: CEDI | R58: BEBITAEXPLORADORCASUALCONJUNTOBASICO MODA | T58: =+IF(B58="NINA","INFANTIL",IF(B58="NINO","INFANTIL",IF(B58="BEBITA","INFANTIL",IF(B58="BEBITO","INFANTIL",IF(B58="BEBE","INFANTIL",IF(B58="HOGAR","HOGAR Y COMPLEMENTOS",IF(B58="COMPLEMENTOS","HOGAR Y COMPLEMENTOS",IF(B58="COLEGIAL","HOGAR Y COMPLEMENTOS",IF(B58="INT MUJER","INTERIOR",IF(B58="INT HOMBRE","INTERIOR",IF(B58="INT NINA","INTERIOR",IF(B58="INT NINO","INTERIOR",IF(B58="INT BEBITA","INTERIOR",IF(B58="INT BEBITO","INTERIOR",IF(B58="MUJER","MUJER",IF(B58="HOMBRE","HOMBRE","")))))))))))))))) -> INFANTIL | V58: Planeación Inicial | AA58: =+CONCATENATE(T58,B58,C58,D58,E58,F58) -> INFANTILBEBITAEXPLORADORCASUALCONJUNTOBASICO MODA
A59: REF PDP 1T24 | B59: BEBITA | C59: EXPLORADOR | D59: CASUAL | E59: CONJUNTO | F59: BASICO MODA | G59: 1 | H59: 18-24 | I59: NA | J59: 104 | K59: FEBRERO | L59: 45341 | M59: CONFETEX DE COLOMBIA SAS | N59: VMI | O59: 19900 | P59: PDP | Q59: CEDI | R59: BEBITAEXPLORADORCASUALCONJUNTOBASICO MODA | T59: =+IF(B59="NINA","INFANTIL",IF(B59="NINO","INFANTIL",IF(B59="BEBITA","INFANTIL",IF(B59="BEBITO","INFANTIL",IF(B59="BEBE","INFANTIL",IF(B59="HOGAR","HOGAR Y COMPLEMENTOS",IF(B59="COMPLEMENTOS","HOGAR Y COMPLEMENTOS",IF(B59="COLEGIAL","HOGAR Y COMPLEMENTOS",IF(B59="INT MUJER","INTERIOR",IF(B59="INT HOMBRE","INTERIOR",IF(B59="INT NINA","INTERIOR",IF(B59="INT NINO","INTERIOR",IF(B59="INT BEBITA","INTERIOR",IF(B59="INT BEBITO","INTERIOR",IF(B59="MUJER","MUJER",IF(B59="HOMBRE","HOMBRE","")))))))))))))))) -> INFANTIL | V59: Planeación Inicial | AA59: =+CONCATENATE(T59,B59,C59,D59,E59,F59) -> INFANTILBEBITAEXPLORADORCASUALCONJUNTOBASICO MODA
A60: REF PDP 1T24 | B60: BEBITA | C60: EXPLORADOR | D60: CASUAL | E60: CONJUNTO | F60: BASICO MODA | G60: 1 | H60: 24-36 | I60: NA | J60: 112 | K60: FEBRERO | L60: 45341 | M60: CONFETEX DE COLOMBIA SAS | N60: VMI | O60: 19900 | P60: PDP | Q60: CEDI | R60: BEBITAEXPLORADORCASUALCONJUNTOBASICO MODA | T60: =+IF(B60="NINA","INFANTIL",IF(B60="NINO","INFANTIL",IF(B60="BEBITA","INFANTIL",IF(B60="BEBITO","INFANTIL",IF(B60="BEBE","INFANTIL",IF(B60="HOGAR","HOGAR Y COMPLEMENTOS",IF(B60="COMPLEMENTOS","HOGAR Y COMPLEMENTOS",IF(B60="COLEGIAL","HOGAR Y COMPLEMENTOS",IF(B60="INT MUJER","INTERIOR",IF(B60="INT HOMBRE","INTERIOR",IF(B60="INT NINA","INTERIOR",IF(B60="INT NINO","INTERIOR",IF(B60="INT BEBITA","INTERIOR",IF(B60="INT BEBITO","INTERIOR",IF(B60="MUJER","MUJER",IF(B60="HOMBRE","HOMBRE","")))))))))))))))) -> INFANTIL | V60: Planeación Inicial | AA60: =+CONCATENATE(T60,B60,C60,D60,E60,F60) -> INFANTILBEBITAEXPLORADORCASUALCONJUNTOBASICO MODA
A61: 311375 | B61: BEBITA | C61: DORMILON | D61: DEPORTIVO | E61: CAMISETA | F61: BASICO NEUTRO | G61: 1 | H61: 0-6 | I61: ROSADO | J61: 12 | K61: FEBRERO | L61: 45324 | M61: FOR BABYS -INFORKIDS | N61: FIRME | O61: 0 | P61: Reprogramable | Q61: CEDI | R61: BEBITADORMILONDEPORTIVOCAMISETABASICO NEUTRO | T61: =+IF(B61="NINA","INFANTIL",IF(B61="NINO","INFANTIL",IF(B61="BEBITA","INFANTIL",IF(B61="BEBITO","INFANTIL",IF(B61="BEBE","INFANTIL",IF(B61="HOGAR","HOGAR Y COMPLEMENTOS",IF(B61="COMPLEMENTOS","HOGAR Y COMPLEMENTOS",IF(B61="COLEGIAL","HOGAR Y COMPLEMENTOS",IF(B61="INT MUJER","INTERIOR",IF(B61="INT HOMBRE","INTERIOR",IF(B61="INT NINA","INTERIOR",IF(B61="INT NINO","INTERIOR",IF(B61="INT BEBITA","INTERIOR",IF(B61="INT BEBITO","INTERIOR",IF(B61="MUJER","MUJER",IF(B61="HOMBRE","HOMBRE","")))))))))))))))) -> INFANTIL | V61: Planeación Inicial | AA61: =+CONCATENATE(T61,B61,C61,D61,E61,F61) -> INFANTILBEBITADORMILONDEPORTIVOCAMISETABASICO NEUTRO
A62: 311375 | B62: BEBITA | C62: DORMILON | D62: DEPORTIVO | E62: CAMISETA | F62: BASICO NEUTRO | G62: 1 | H62: 6-12 | I62: ROSADO | J62: 24 | K62: FEBRERO | L62: 45324 | M62: FOR BABYS -INFORKIDS | N62: FIRME | O62: 0 | P62: Reprogramable | Q62: CEDI | R62: BEBITADORMILONDEPORTIVOCAMISETABASICO NEUTRO | T62: =+IF(B62="NINA","INFANTIL",IF(B62="NINO","INFANTIL",IF(B62="BEBITA","INFANTIL",IF(B62="BEBITO","INFANTIL",IF(B62="BEBE","INFANTIL",IF(B62="HOGAR","HOGAR Y COMPLEMENTOS",IF(B62="COMPLEMENTOS","HOGAR Y COMPLEMENTOS",IF(B62="COLEGIAL","HOGAR Y COMPLEMENTOS",IF(B62="INT MUJER","INTERIOR",IF(B62="INT HOMBRE","INTERIOR",IF(B62="INT NINA","INTERIOR",IF(B62="INT NINO","INTERIOR",IF(B62="INT BEBITA","INTERIOR",IF(B62="INT BEBITO","INTERIOR",IF(B62="MUJER","MUJER",IF(B62="HOMBRE","HOMBRE","")))))))))))))))) -> INFANTIL | V62: Planeación Inicial | AA62: =+CONCATENATE(T62,B62,C62,D62,E62,F62) -> INFANTILBEBITADORMILONDEPORTIVOCAMISETABASICO NEUTRO
A63: 311375 | B63: BEBITA | C63: DORMILON | D63: DEPORTIVO | E63: CAMISETA | F63: BASICO NEUTRO | G63: 1 | H63: 12-18 | I63: ROSADO | J63: 24 | K63: FEBRERO | L63: 45324 | M63: FOR BABYS -INFORKIDS | N63: FIRME | O63: 0 | P63: Reprogramable | Q63: CEDI | R63: BEBITADORMILONDEPORTIVOCAMISETABASICO NEUTRO | T63: =+IF(B63="NINA","INFANTIL",IF(B63="NINO","INFANTIL",IF(B63="BEBITA","INFANTIL",IF(B63="BEBITO","INFANTIL",IF(B63="BEBE","INFANTIL",IF(B63="HOGAR","HOGAR Y COMPLEMENTOS",IF(B63="COMPLEMENTOS","HOGAR Y COMPLEMENTOS",IF(B63="COLEGIAL","HOGAR Y COMPLEMENTOS",IF(B63="INT MUJER","INTERIOR",IF(B63="INT HOMBRE","INTERIOR",IF(B63="INT NINA","INTERIOR",IF(B63="INT NINO","INTERIOR",IF(B63="INT BEBITA","INTERIOR",IF(B63="INT BEBITO","INTERIOR",IF(B63="MUJER","MUJER",IF(B63="HOMBRE","HOMBRE","")))))))))))))))) -> INFANTIL | V63: Planeación Inicial | AA63: =+CONCATENATE(T63,B63,C63,D63,E63,F63) -> INFANTILBEBITADORMILONDEPORTIVOCAMISETABASICO NEUTRO
A64: 311375 | B64: BEBITA | C64: DORMILON | D64: DEPORTIVO | E64: CAMISETA | F64: BASICO NEUTRO | G64: 1 | H64: 18-24 | I64: ROSADO | J64: 12 | K64: FEBRERO | L64: 45324 | M64: FOR BABYS -INFORKIDS | N64: FIRME | O64: 0 | P64: Reprogramable | Q64: CEDI | R64: BEBITADORMILONDEPORTIVOCAMISETABASICO NEUTRO | T64: =+IF(B64="NINA","INFANTIL",IF(B64="NINO","INFANTIL",IF(B64="BEBITA","INFANTIL",IF(B64="BEBITO","INFANTIL",IF(B64="BEBE","INFANTIL",IF(B64="HOGAR","HOGAR Y COMPLEMENTOS",IF(B64="COMPLEMENTOS","HOGAR Y COMPLEMENTOS",IF(B64="COLEGIAL","HOGAR Y COMPLEMENTOS",IF(B64="INT MUJER","INTERIOR",IF(B64="INT HOMBRE","INTERIOR",IF(B64="INT NINA","INTERIOR",IF(B64="INT NINO","INTERIOR",IF(B64="INT BEBITA","INTERIOR",IF(B64="INT BEBITO","INTERIOR",IF(B64="MUJER","MUJER",IF(B64="HOMBRE","HOMBRE","")))))))))))))))) -> INFANTIL | V64: Planeación Inicial | AA64: =+CONCATENATE(T64,B64,C64,D64,E64,F64) -> INFANTILBEBITADORMILONDEPORTIVOCAMISETABASICO NEUTRO
A65: 311377 | B65: BEBITA | C65: DORMILON | D65: DEPORTIVO | E65: MAMELUCO | F65: BASICO NEUTRO | G65: 1 | H65: 0-6 | I65: BLANCO | J65: 24 | K65: FEBRERO | L65: 45324 | M65: FOR BABYS -INFORKIDS | N65: FIRME | O65: 0 | P65: Reprogramable | Q65: CEDI | R65: BEBITADORMILONDEPORTIVOMAMELUCOBASICO NEUTRO | T65: =+IF(B65="NINA","INFANTIL",IF(B65="NINO","INFANTIL",IF(B65="BEBITA","INFANTIL",IF(B65="BEBITO","INFANTIL",IF(B65="BEBE","INFANTIL",IF(B65="HOGAR","HOGAR Y COMPLEMENTOS",IF(B65="COMPLEMENTOS","HOGAR Y COMPLEMENTOS",IF(B65="COLEGIAL","HOGAR Y COMPLEMENTOS",IF(B65="INT MUJER","INTERIOR",IF(B65="INT HOMBRE","INTERIOR",IF(B65="INT NINA","INTERIOR",IF(B65="INT NINO","INTERIOR",IF(B65="INT BEBITA","INTERIOR",IF(B65="INT BEBITO","INTERIOR",IF(B65="MUJER","MUJER",IF(B65="HOMBRE","HOMBRE","")))))))))))))))) -> INFANTIL | V65: Planeación Inicial | AA65: =+CONCATENATE(T65,B65,C65,D65,E65,F65) -> INFANTILBEBITADORMILONDEPORTIVOMAMELUCOBASICO NEUTRO
A66: 311377 | B66: BEBITA | C66: DORMILON | D66: DEPORTIVO | E66: MAMELUCO | F66: BASICO NEUTRO | G66: 1 | H66: 6-12 | I66: BLANCO | J66: 12 | K66: FEBRERO | L66: 45324 | M66: FOR BABYS -INFORKIDS | N66: FIRME | O66: 0 | P66: Reprogramable | Q66: CEDI | R66: BEBITADORMILONDEPORTIVOMAMELUCOBASICO NEUTRO | T66: =+IF(B66="NINA","INFANTIL",IF(B66="NINO","INFANTIL",IF(B66="BEBITA","INFANTIL",IF(B66="BEBITO","INFANTIL",IF(B66="BEBE","INFANTIL",IF(B66="HOGAR","HOGAR Y COMPLEMENTOS",IF(B66="COMPLEMENTOS","HOGAR Y COMPLEMENTOS",IF(B66="COLEGIAL","HOGAR Y COMPLEMENTOS",IF(B66="INT MUJER","INTERIOR",IF(B66="INT HOMBRE","INTERIOR",IF(B66="INT NINA","INTERIOR",IF(B66="INT NINO","INTERIOR",IF(B66="INT BEBITA","INTERIOR",IF(B66="INT BEBITO","INTERIOR",IF(B66="MUJER","MUJER",IF(B66="HOMBRE","HOMBRE","")))))))))))))))) -> INFANTIL | V66: Planeación Inicial | AA66: =+CONCATENATE(T66,B66,C66,D66,E66,F66) -> INFANTILBEBITADORMILONDEPORTIVOMAMELUCOBASICO NEUTRO
A67: 311377 | B67: BEBITA | C67: DORMILON | D67: DEPORTIVO | E67: MAMELUCO | F67: BASICO NEUTRO | G67: 1 | H67: 12-18 | I67: BLANCO | J67: 24 | K67: FEBRERO | L67: 45324 | M67: FOR BABYS -INFORKIDS | N67: FIRME | O67: 0 | P67: Reprogramable | Q67: CEDI | R67: BEBITADORMILONDEPORTIVOMAMELUCOBASICO NEUTRO | T67: =+IF(B67="NINA","INFANTIL",IF(B67="NINO","INFANTIL",IF(B67="BEBITA","INFANTIL",IF(B67="BEBITO","INFANTIL",IF(B67="BEBE","INFANTIL",IF(B67="HOGAR","HOGAR Y COMPLEMENTOS",IF(B67="COMPLEMENTOS","HOGAR Y COMPLEMENTOS",IF(B67="COLEGIAL","HOGAR Y COMPLEMENTOS",IF(B67="INT MUJER","INTERIOR",IF(B67="INT HOMBRE","INTERIOR",IF(B67="INT NINA","INTERIOR",IF(B67="INT NINO","INTERIOR",IF(B67="INT BEBITA","INTERIOR",IF(B67="INT BEBITO","INTERIOR",IF(B67="MUJER","MUJER",IF(B67="HOMBRE","HOMBRE","")))))))))))))))) -> INFANTIL | V67: Planeación Inicial | AA67: =+CONCATENATE(T67,B67,C67,D67,E67,F67) -> INFANTILBEBITADORMILONDEPORTIVOMAMELUCOBASICO NEUTRO
A68: 311377 | B68: BEBITA | C68: DORMILON | D68: DEPORTIVO | E68: MAMELUCO | F68: BASICO NEUTRO | G68: 1 | H68: 18-24 | I68: BLANCO | J68: 36 | K68: FEBRERO | L68: 45324 | M68: FOR BABYS -INFORKIDS | N68: FIRME | O68: 0 | P68: Reprogramable | Q68: CEDI | R68: BEBITADORMILONDEPORTIVOMAMELUCOBASICO NEUTRO | T68: =+IF(B68="NINA","INFANTIL",IF(B68="NINO","INFANTIL",IF(B68="BEBITA","INFANTIL",IF(B68="BEBITO","INFANTIL",IF(B68="BEBE","INFANTIL",IF(B68="HOGAR","HOGAR Y COMPLEMENTOS",IF(B68="COMPLEMENTOS","HOGAR Y COMPLEMENTOS",IF(B68="COLEGIAL","HOGAR Y COMPLEMENTOS",IF(B68="INT MUJER","INTERIOR",IF(B68="INT HOMBRE","INTERIOR",IF(B68="INT NINA","INTERIOR",IF(B68="INT NINO","INTERIOR",IF(B68="INT BEBITA","INTERIOR",IF(B68="INT BEBITO","INTERIOR",IF(B68="MUJER","MUJER",IF(B68="HOMBRE","HOMBRE","")))))))))))))))) -> INFANTIL | V68: Planeación Inicial | AA68: =+CONCATENATE(T68,B68,C68,D68,E68,F68) -> INFANTILBEBITADORMILONDEPORTIVOMAMELUCOBASICO NEUTRO
A69: 311377 | B69: BEBITA | C69: DORMILON | D69: DEPORTIVO | E69: MAMELUCO | F69: BASICO NEUTRO | G69: 1 | H69: 0-6 | I69: ROSADO | J69: 12 | K69: FEBRERO | L69: 45324 | M69: FOR BABYS -INFORKIDS | N69: FIRME | O69: 0 | P69: Reprogramable | Q69: CEDI | R69: BEBITADORMILONDEPORTIVOMAMELUCOBASICO NEUTRO | T69: =+IF(B69="NINA","INFANTIL",IF(B69="NINO","INFANTIL",IF(B69="BEBITA","INFANTIL",IF(B69="BEBITO","INFANTIL",IF(B69="BEBE","INFANTIL",IF(B69="HOGAR","HOGAR Y COMPLEMENTOS",IF(B69="COMPLEMENTOS","HOGAR Y COMPLEMENTOS",IF(B69="COLEGIAL","HOGAR Y COMPLEMENTOS",IF(B69="INT MUJER","INTERIOR",IF(B69="INT HOMBRE","INTERIOR",IF(B69="INT NINA","INTERIOR",IF(B69="INT NINO","INTERIOR",IF(B69="INT BEBITA","INTERIOR",IF(B69="INT BEBITO","INTERIOR",IF(B69="MUJER","MUJER",IF(B69="HOMBRE","HOMBRE","")))))))))))))))) -> INFANTIL | V69: Planeación Inicial | AA69: =+CONCATENATE(T69,B69,C69,D69,E69,F69) -> INFANTILBEBITADORMILONDEPORTIVOMAMELUCOBASICO NEUTRO
A70: 311377 | B70: BEBITA | C70: DORMILON | D70: DEPORTIVO | E70: MAMELUCO | F70: BASICO NEUTRO | G70: 1 | H70: 12-18 | I70: COLORREPR | J70: 12 | K70: FEBRERO | L70: 45324 | M70: FOR BABYS -INFORKIDS | N70: FIRME | O70: 0 | P70: Reprogramable | Q70: CEDI | R70: BEBITADORMILONDEPORTIVOMAMELUCOBASICO NEUTRO | T70: =+IF(B70="NINA","INFANTIL",IF(B70="NINO","INFANTIL",IF(B70="BEBITA","INFANTIL",IF(B70="BEBITO","INFANTIL",IF(B70="BEBE","INFANTIL",IF(B70="HOGAR","HOGAR Y COMPLEMENTOS",IF(B70="COMPLEMENTOS","HOGAR Y COMPLEMENTOS",IF(B70="COLEGIAL","HOGAR Y COMPLEMENTOS",IF(B70="INT MUJER","INTERIOR",IF(B70="INT HOMBRE","INTERIOR",IF(B70="INT NINA","INTERIOR",IF(B70="INT NINO","INTERIOR",IF(B70="INT BEBITA","INTERIOR",IF(B70="INT BEBITO","INTERIOR",IF(B70="MUJER","MUJER",IF(B70="HOMBRE","HOMBRE","")))))))))))))))) -> INFANTIL | V70: Planeación Inicial | AA70: =+CONCATENATE(T70,B70,C70,D70,E70,F70) -> INFANTILBEBITADORMILONDEPORTIVOMAMELUCOBASICO NEUTRO
A71: 311377 | B71: BEBITA | C71: DORMILON | D71: DEPORTIVO | E71: MAMELUCO | F71: BASICO NEUTRO | G71: 1 | H71: 18-24 | I71: COLORREPR | J71: 12 | K71: FEBRERO | L71: 45324 | M71: FOR BABYS -INFORKIDS | N71: FIRME | O71: 0 | P71: Reprogramable | Q71: CEDI | R71: BEBITADORMILONDEPORTIVOMAMELUCOBASICO NEUTRO | T71: =+IF(B71="NINA","INFANTIL",IF(B71="NINO","INFANTIL",IF(B71="BEBITA","INFANTIL",IF(B71="BEBITO","INFANTIL",IF(B71="BEBE","INFANTIL",IF(B71="HOGAR","HOGAR Y COMPLEMENTOS",IF(B71="COMPLEMENTOS","HOGAR Y COMPLEMENTOS",IF(B71="COLEGIAL","HOGAR Y COMPLEMENTOS",IF(B71="INT MUJER","INTERIOR",IF(B71="INT HOMBRE","INTERIOR",IF(B71="INT NINA","INTERIOR",IF(B71="INT NINO","INTERIOR",IF(B71="INT BEBITA","INTERIOR",IF(B71="INT BEBITO","INTERIOR",IF(B71="MUJER","MUJER",IF(B71="HOMBRE","HOMBRE","")))))))))))))))) -> INFANTIL | V71: Planeación Inicial | AA71: =+CONCATENATE(T71,B71,C71,D71,E71,F71) -> INFANTILBEBITADORMILONDEPORTIVOMAMELUCOBASICO NEUTRO
A72: 311379 | B72: BEBITA | C72: DORMILON | D72: DEPORTIVO | E72: MAMELUCO | F72: BASICO NEUTRO | G72: 2 | H72: 12-18 | I72: ROSADO | J72: 12 | K72: FEBRERO | L72: 45324 | M72: FOR BABYS -INFORKIDS | N72: FIRME | O72: 0 | P72: Reprogramable | Q72: CEDI | R72: BEBITADORMILONDEPORTIVOMAMELUCOBASICO NEUTRO | T72: =+IF(B72="NINA","INFANTIL",IF(B72="NINO","INFANTIL",IF(B72="BEBITA","INFANTIL",IF(B72="BEBITO","INFANTIL",IF(B72="BEBE","INFANTIL",IF(B72="HOGAR","HOGAR Y COMPLEMENTOS",IF(B72="COMPLEMENTOS","HOGAR Y COMPLEMENTOS",IF(B72="COLEGIAL","HOGAR Y COMPLEMENTOS",IF(B72="INT MUJER","INTERIOR",IF(B72="INT HOMBRE","INTERIOR",IF(B72="INT NINA","INTERIOR",IF(B72="INT NINO","INTERIOR",IF(B72="INT BEBITA","INTERIOR",IF(B72="INT BEBITO","INTERIOR",IF(B72="MUJER","MUJER",IF(B72="HOMBRE","HOMBRE","")))))))))))))))) -> INFANTIL | V72: Planeación Inicial | AA72: =+CONCATENATE(T72,B72,C72,D72,E72,F72) -> INFANTILBEBITADORMILONDEPORTIVOMAMELUCOBASICO NEUTRO
... A85: 305544 | B85: BEBITA | C85: DORMILON | D85: DESCANSO | E85: PANAL | F85: BASICO NEUTRO | G85: 2 | H85: U | I85: VER CLARO | J85: 82 | K85: FEBRERO | L85: 45345 | M85: INDUSTRIAS CHICCO SAS | N85: VMI | O85: 0 | P85: Reprogramable | Q85: VMI CERTIFICADO | R85: BEBITADORMILONDESCANSOPANALBASICO NEUTRO | T85: =+IF(B85="NINA","INFANTIL",IF(B85="NINO","INFANTIL",IF(B85="BEBITA","INFANTIL",IF(B85="BEBITO","INFANTIL",IF(B85="BEBE","INFANTIL",IF(B85="HOGAR","HOGAR Y COMPLEMENTOS",IF(B85="COMPLEMENTOS","HOGAR Y COMPLEMENTOS",IF(B85="COLEGIAL","HOGAR Y COMPLEMENTOS",IF(B85="INT MUJER","INTERIOR",IF(B85="INT HOMBRE","INTERIOR",IF(B85="INT NINA","INTERIOR",IF(B85="INT NINO","INTERIOR",IF(B85="INT BEBITA","INTERIOR",IF(B85="INT BEBITO","INTERIOR",IF(B85="MUJER","MUJER",IF(B85="HOMBRE","HOMBRE","")))))))))))))))) -> INFANTIL | V85: Planeación Inicial | AA85: =+CONCATENATE(T85,B85,C85,D85,E85,F85) -> INFANTILBEBITADORMILONDESCANSOPANALBASICO NEUTRO
A86: REF LN FM BTA 27 | B86: BEBITA | C86: DORMILON | D86: DEPORTIVO | E86: CAMISETA | F86: BASICO MODA | G86: 1 | H86: 18-24 | I86: 1 | J86: 41 | K86: FEBRERO | L86: 45345 | M86: INDUSTRIAS CHICCO SAS | N86: VMI | O86: 0 | P86: Líneas | Q86: VMI CERTIFICADO | R86: BEBITADORMILONDEPORTIVOCAMISETABASICO MODA | T86: =+IF(B86="NINA","INFANTIL",IF(B86="NINO","INFANTIL",IF(B86="BEBITA","INFANTIL",IF(B86="BEBITO","INFANTIL",IF(B86="BEBE","INFANTIL",IF(B86="HOGAR","HOGAR Y COMPLEMENTOS",IF(B86="COMPLEMENTOS","HOGAR Y COMPLEMENTOS",IF(B86="COLEGIAL","HOGAR Y COMPLEMENTOS",IF(B86="INT MUJER","INTERIOR",IF(B86="INT HOMBRE","INTERIOR",IF(B86="INT NINA","INTERIOR",IF(B86="INT NINO","INTERIOR",IF(B86="INT BEBITA","INTERIOR",IF(B86="INT BEBITO","INTERIOR",IF(B86="MUJER","MUJER",IF(B86="HOMBRE","HOMBRE","")))))))))))))))) -> INFANTIL | V86: Planeación Inicial | AA86: =+CONCATENATE(T86,B86,C86,D86,E86,F86) -> INFANTILBEBITADORMILONDEPORTIVOCAMISETABASICO MODA
A87: REF LN FM BTA 27 | B87: BEBITA | C87: DORMILON | D87: DEPORTIVO | E87: CAMISETA | F87: BASICO MODA | G87: 1 | H87: 0-6 | I87: 1 | J87: 37 | K87: FEBRERO | L87: 45345 | M87: INDUSTRIAS CHICCO SAS | N87: VMI | O87: 0 | P87: Líneas | Q87: VMI CERTIFICADO | R87: BEBITADORMILONDEPORTIVOCAMISETABASICO MODA | T87: =+IF(B87="NINA","INFANTIL",IF(B87="NINO","INFANTIL",IF(B87="BEBITA","INFANTIL",IF(B87="BEBITO","INFANTIL",IF(B87="BEBE","INFANTIL",IF(B87="HOGAR","HOGAR Y COMPLEMENTOS",IF(B87="COMPLEMENTOS","HOGAR Y COMPLEMENTOS",IF(B87="COLEGIAL","HOGAR Y COMPLEMENTOS",IF(B87="INT MUJER","INTERIOR",IF(B87="INT HOMBRE","INTERIOR",IF(B87="INT NINA","INTERIOR",IF(B87="INT NINO","INTERIOR",IF(B87="INT BEBITA","INTERIOR",IF(B87="INT BEBITO","INTERIOR",IF(B87="MUJER","MUJER",IF(B87="HOMBRE","HOMBRE","")))))))))))))))) -> INFANTIL | V87: Planeación Inicial | AA87: =+CONCATENATE(T87,B87,C87,D87,E87,F87) -> INFANTILBEBITADORMILONDEPORTIVOCAMISETABASICO MODA
A88: REF LN FM BTA 27 | B88: BEBITA | C88: DORMILON | D88: DEPORTIVO | E88: CAMISETA | F88: BASICO MODA | G88: 1 | H88: 12-18 | I88: 1 | J88: 46 | K88: FEBRERO | L88: 45345 | M88: INDUSTRIAS CHICCO SAS | N88: VMI | O88: 0 | P88: Líneas | Q88: VMI CERTIFICADO | R88: BEBITADORMILONDEPORTIVOCAMISETABASICO MODA | T88: =+IF(B88="NINA","INFANTIL",IF(B88="NINO","INFANTIL",IF(B88="BEBITA","INFANTIL",IF(B88="BEBITO","INFANTIL",IF(B88="BEBE","INFANTIL",IF(B88="HOGAR","HOGAR Y COMPLEMENTOS",IF(B88="COMPLEMENTOS","HOGAR Y COMPLEMENTOS",IF(B88="COLEGIAL","HOGAR Y COMPLEMENTOS",IF(B88="INT MUJER","INTERIOR",IF(B88="INT HOMBRE","INTERIOR",IF(B88="INT NINA","INTERIOR",IF(B88="INT NINO","INTERIOR",IF(B88="INT BEBITA","INTERIOR",IF(B88="INT BEBITO","INTERIOR",IF(B88="MUJER","MUJER",IF(B88="HOMBRE","HOMBRE","")))))))))))))))) -> INFANTIL | V88: Planeación Inicial | AA88: =+CONCATENATE(T88,B88,C88,D88,E88,F88) -> INFANTILBEBITADORMILONDEPORTIVOCAMISETABASICO MODA
A89: REF LN FM BTA 27 | B89: BEBITA | C89: DORMILON | D89: DEPORTIVO | E89: CAMISETA | F89: BASICO MODA | G89: 1 | H89: 6-12 | I89: 1 | J89: 41 | K89: FEBRERO | L89: 45345 | M89: INDUSTRIAS CHICCO SAS | N89: VMI | O89: 0 | P89: Líneas | Q89: VMI CERTIFICADO | R89: BEBITADORMILONDEPORTIVOCAMISETABASICO MODA | T89: =+IF(B89="NINA","INFANTIL",IF(B89="NINO","INFANTIL",IF(B89="BEBITA","INFANTIL",IF(B89="BEBITO","INFANTIL",IF(B89="BEBE","INFANTIL",IF(B89="HOGAR","HOGAR Y COMPLEMENTOS",IF(B89="COMPLEMENTOS","HOGAR Y COMPLEMENTOS",IF(B89="COLEGIAL","HOGAR Y COMPLEMENTOS",IF(B89="INT MUJER","INTERIOR",IF(B89="INT HOMBRE","INTERIOR",IF(B89="INT NINA","INTERIOR",IF(B89="INT NINO","INTERIOR",IF(B89="INT BEBITA","INTERIOR",IF(B89="INT BEBITO","INTERIOR",IF(B89="MUJER","MUJER",IF(B89="HOMBRE","HOMBRE","")))))))))))))))) -> INFANTIL | V89: Planeación Inicial | AA89: =+CONCATENATE(T89,B89,C89,D89,E89,F89) -> INFANTILBEBITADORMILONDEPORTIVOCAMISETABASICO MODA
A90: REF LN FM BTA 29 | B90: BEBITA | C90: DORMILON | D90: DEPORTIVO | E90: PANTALON GATEADOR | F90: BASICO MODA | G90: 4 | H90: 18-24 | I90: 1 | J90: 96 | K90: FEBRERO | L90: 45345 | M90: INDUSTRIAS CHICCO SAS | N90: VMI | O90: 0 | P90: Líneas | Q90: VMI CERTIFICADO | R90: BEBITADORMILONDEPORTIVOPANTALON GATEADORBASICO MODA | T90: =+IF(B90="NINA","INFANTIL",IF(B90="NINO","INFANTIL",IF(B90="BEBITA","INFANTIL",IF(B90="BEBITO","INFANTIL",IF(B90="BEBE","INFANTIL",IF(B90="HOGAR","HOGAR Y COMPLEMENTOS",IF(B90="COMPLEMENTOS","HOGAR Y COMPLEMENTOS",IF(B90="COLEGIAL","HOGAR Y COMPLEMENTOS",IF(B90="INT MUJER","INTERIOR",IF(B90="INT HOMBRE","INTERIOR",IF(B90="INT NINA","INTERIOR",IF(B90="INT NINO","INTERIOR",IF(B90="INT BEBITA","INTERIOR",IF(B90="INT BEBITO","INTERIOR",IF(B90="MUJER","MUJER",IF(B90="HOMBRE","HOMBRE","")))))))))))))))) -> INFANTIL | V90: Planeación Inicial | AA90: =+CONCATENATE(T90,B90,C90,D90,E90,F90) -> INFANTILBEBITADORMILONDEPORTIVOPANTALON GATEADORBASICO MODA
A91: REF LN FM BTA 29 | B91: BEBITA | C91: DORMILON | D91: DEPORTIVO | E91: PANTALON GATEADOR | F91: BASICO MODA | G91: 4 | H91: 0-6 | I91: 1 | J91: 61 | K91: FEBRERO | L91: 45345 | M91: INDUSTRIAS CHICCO SAS | N91: VMI | O91: 0 | P91: Líneas | Q91: VMI CERTIFICADO | R91: BEBITADORMILONDEPORTIVOPANTALON GATEADORBASICO MODA | T91: =+IF(B91="NINA","INFANTIL",IF(B91="NINO","INFANTIL",IF(B91="BEBITA","INFANTIL",IF(B91="BEBITO","INFANTIL",IF(B91="BEBE","INFANTIL",IF(B91="HOGAR","HOGAR Y COMPLEMENTOS",IF(B91="COMPLEMENTOS","HOGAR Y COMPLEMENTOS",IF(B91="COLEGIAL","HOGAR Y COMPLEMENTOS",IF(B91="INT MUJER","INTERIOR",IF(B91="INT HOMBRE","INTERIOR",IF(B91="INT NINA","INTERIOR",IF(B91="INT NINO","INTERIOR",IF(B91="INT BEBITA","INTERIOR",IF(B91="INT BEBITO","INTERIOR",IF(B91="MUJER","MUJER",IF(B91="HOMBRE","HOMBRE","")))))))))))))))) -> INFANTIL | V91: Planeación Inicial | AA91: =+CONCATENATE(T91,B91,C91,D91,E91,F91) -> INFANTILBEBITADORMILONDEPORTIVOPANTALON GATEADORBASICO MODA
A92: REF LN FM BTA 29 | B92: BEBITA | C92: DORMILON | D92: DEPORTIVO | E92: PANTALON GATEADOR | F92: BASICO MODA | G92: 4 | H92: 12-18 | I92: 1 | J92: 98 | K92: FEBRERO | L92: 45345 | M92: INDUSTRIAS CHICCO SAS | N92: VMI | O92: 0 | P92: Líneas | Q92: VMI CERTIFICADO | R92: BEBITADORMILONDEPORTIVOPANTALON GATEADORBASICO MODA | T92: =+IF(B92="NINA","INFANTIL",IF(B92="NINO","INFANTIL",IF(B92="BEBITA","INFANTIL",IF(B92="BEBITO","INFANTIL",IF(B92="BEBE","INFANTIL",IF(B92="HOGAR","HOGAR Y COMPLEMENTOS",IF(B92="COMPLEMENTOS","HOGAR Y COMPLEMENTOS",IF(B92="COLEGIAL","HOGAR Y COMPLEMENTOS",IF(B92="INT MUJER","INTERIOR",IF(B92="INT HOMBRE","INTERIOR",IF(B92="INT NINA","INTERIOR",IF(B92="INT NINO","INTERIOR",IF(B92="INT BEBITA","INTERIOR",IF(B92="INT BEBITO","INTERIOR",IF(B92="MUJER","MUJER",IF(B92="HOMBRE","HOMBRE","")))))))))))))))) -> INFANTIL | V92: Planeación Inicial | AA92: =+CONCATENATE(T92,B92,C92,D92,E92,F92) -> INFANTILBEBITADORMILONDEPORTIVOPANTALON GATEADORBASICO MODA
A93: REF LN FM BTA 29 | B93: BEBITA | C93: DORMILON | D93: DEPORTIVO | E93: PANTALON GATEADOR | F93: BASICO MODA | G93: 4 | H93: 6-12 | I93: 1 | J93: 63 | K93: FEBRERO | L93: 45345 | M93: INDUSTRIAS CHICCO SAS | N93: VMI | O93: 0 | P93: Líneas | Q93: VMI CERTIFICADO | R93: BEBITADORMILONDEPORTIVOPANTALON GATEADORBASICO MODA | T93: =+IF(B93="NINA","INFANTIL",IF(B93="NINO","INFANTIL",IF(B93="BEBITA","INFANTIL",IF(B93="BEBITO","INFANTIL",IF(B93="BEBE","INFANTIL",IF(B93="HOGAR","HOGAR Y COMPLEMENTOS",IF(B93="COMPLEMENTOS","HOGAR Y COMPLEMENTOS",IF(B93="COLEGIAL","HOGAR Y COMPLEMENTOS",IF(B93="INT MUJER","INTERIOR",IF(B93="INT HOMBRE","INTERIOR",IF(B93="INT NINA","INTERIOR",IF(B93="INT NINO","INTERIOR",IF(B93="INT BEBITA","INTERIOR",IF(B93="INT BEBITO","INTERIOR",IF(B93="MUJER","MUJER",IF(B93="HOMBRE","HOMBRE","")))))))))))))))) -> INFANTIL | V93: Planeación Inicial | AA93: =+CONCATENATE(T93,B93,C93,D93,E93,F93) -> INFANTILBEBITADORMILONDEPORTIVOPANTALON GATEADORBASICO MODA
A94: REF LN FM BTA 61 | B94: BEBITA | C94: DORMILON | D94: DEPORTIVO | E94: CAMISETA | F94: BASICO MODA | G94: 1 | H94: 18-24 | I94: 1 | J94: 102 | K94: FEBRERO | L94: 45345 | M94: INDUSTRIAS CHICCO SAS | N94: VMI | O94: 0 | P94: Líneas | Q94: VMI CERTIFICADO | R94: BEBITADORMILONDEPORTIVOCAMISETABASICO MODA | T94: =+IF(B94="NINA","INFANTIL",IF(B94="NINO","INFANTIL",IF(B94="BEBITA","INFANTIL",IF(B94="BEBITO","INFANTIL",IF(B94="BEBE","INFANTIL",IF(B94="HOGAR","HOGAR Y COMPLEMENTOS",IF(B94="COMPLEMENTOS","HOGAR Y COMPLEMENTOS",IF(B94="COLEGIAL","HOGAR Y COMPLEMENTOS",IF(B94="INT MUJER","INTERIOR",IF(B94="INT HOMBRE","INTERIOR",IF(B94="INT NINA","INTERIOR",IF(B94="INT NINO","INTERIOR",IF(B94="INT BEBITA","INTERIOR",IF(B94="INT BEBITO","INTERIOR",IF(B94="MUJER","MUJER",IF(B94="HOMBRE","HOMBRE","")))))))))))))))) -> INFANTIL | V94: Planeación Inicial | AA94: =+CONCATENATE(T94,B94,C94,D94,E94,F94) -> INFANTILBEBITADORMILONDEPORTIVOCAMISETABASICO MODA
A95: REF LN FM BTA 61 | B95: BEBITA | C95: DORMILON | D95: DEPORTIVO | E95: CAMISETA | F95: BASICO MODA | G95: 1 | H95: 0-6 | I95: 1 | J95: 95 | K95: FEBRERO | L95: 45345 | M95: INDUSTRIAS CHICCO SAS | N95: VMI | O95: 0 | P95: Líneas | Q95: VMI CERTIFICADO | R95: BEBITADORMILONDEPORTIVOCAMISETABASICO MODA | T95: =+IF(B95="NINA","INFANTIL",IF(B95="NINO","INFANTIL",IF(B95="BEBITA","INFANTIL",IF(B95="BEBITO","INFANTIL",IF(B95="BEBE","INFANTIL",IF(B95="HOGAR","HOGAR Y COMPLEMENTOS",IF(B95="COMPLEMENTOS","HOGAR Y COMPLEMENTOS",IF(B95="COLEGIAL","HOGAR Y COMPLEMENTOS",IF(B95="INT MUJER","INTERIOR",IF(B95="INT HOMBRE","INTERIOR",IF(B95="INT NINA","INTERIOR",IF(B95="INT NINO","INTERIOR",IF(B95="INT BEBITA","INTERIOR",IF(B95="INT BEBITO","INTERIOR",IF(B95="MUJER","MUJER",IF(B95="HOMBRE","HOMBRE","")))))))))))))))) -> INFANTIL | V95: Planeación Inicial | AA95: =+CONCATENATE(T95,B95,C95,D95,E95,F95) -> INFANTILBEBITADORMILONDEPORTIVOCAMISETABASICO MODA
A96: REF LN FM BTA 61 | B96: BEBITA | C96: DORMILON | D96: DEPORTIVO | E96: CAMISETA | F96: BASICO MODA | G96: 1 | H96: 12-18 | I96: 1 | J96: 115 | K96: FEBRERO | L96: 45345 | M96: INDUSTRIAS CHICCO SAS | N96: VMI | O96: 0 | P96: Líneas | Q96: VMI CERTIFICADO | R96: BEBITADORMILONDEPORTIVOCAMISETABASICO MODA | T96: =+IF(B96="NINA","INFANTIL",IF(B96="NINO","INFANTIL",IF(B96="BEBITA","INFANTIL",IF(B96="BEBITO","INFANTIL",IF(B96="BEBE","INFANTIL",IF(B96="HOGAR","HOGAR Y COMPLEMENTOS",IF(B96="COMPLEMENTOS","HOGAR Y COMPLEMENTOS",IF(B96="COLEGIAL","HOGAR Y COMPLEMENTOS",IF(B96="INT MUJER","INTERIOR",IF(B96="INT HOMBRE","INTERIOR",IF(B96="INT NINA","INTERIOR",IF(B96="INT NINO","INTERIOR",IF(B96="INT BEBITA","INTERIOR",IF(B96="INT BEBITO","INTERIOR",IF(B96="MUJER","MUJER",IF(B96="HOMBRE","HOMBRE","")))))))))))))))) -> INFANTIL | V96: Planeación Inicial | AA96: =+CONCATENATE(T96,B96,C96,D96,E96,F96) -> INFANTILBEBITADORMILONDEPORTIVOCAMISETABASICO MODA
A97: REF LN FM BTA 61 | B97: BEBITA | C97: DORMILON | D97: DEPORTIVO | E97: CAMISETA | F97: BASICO MODA | G97: 1 | H97: 6-12 | I97: 1 | J97: 104 | K97: FEBRERO | L97: 45345 | M97: INDUSTRIAS CHICCO SAS | N97: VMI | O97: 0 | P97: Líneas | Q97: VMI CERTIFICADO | R97: BEBITADORMILONDEPORTIVOCAMISETABASICO MODA | T97: =+IF(B97="NINA","INFANTIL",IF(B97="NINO","INFANTIL",IF(B97="BEBITA","INFANTIL",IF(B97="BEBITO","INFANTIL",IF(B97="BEBE","INFANTIL",IF(B97="HOGAR","HOGAR Y COMPLEMENTOS",IF(B97="COMPLEMENTOS","HOGAR Y COMPLEMENTOS",IF(B97="COLEGIAL","HOGAR Y COMPLEMENTOS",IF(B97="INT MUJER","INTERIOR",IF(B97="INT HOMBRE","INTERIOR",IF(B97="INT NINA","INTERIOR",IF(B97="INT NINO","INTERIOR",IF(B97="INT BEBITA","INTERIOR",IF(B97="INT BEBITO","INTERIOR",IF(B97="MUJER","MUJER",IF(B97="HOMBRE","HOMBRE","")))))))))))))))) -> INFANTIL | V97: Planeación Inicial | AA97: =+CONCATENATE(T97,B97,C97,D97,E97,F97) -> INFANTILBEBITADORMILONDEPORTIVOCAMISETABASICO MODA
... A109: REF LN FM BTA 47 | B109: BEBITA | C109: EXPLORADOR | D109: DEPORTIVO | E109: CONJUNTO | F109: BASICO MODA | G109: 1 | H109: 24-36 | I109: 1 | J109: 84 | K109: FEBRERO | L109: 45331 | M109: INFANTILES YASTING S.A.S | N109: FIRME | O109: 0 | P109: Líneas | Q109: CEDI | R109: BEBITAEXPLORADORDEPORTIVOCONJUNTOBASICO MODA | T109: =+IF(B109="NINA","INFANTIL",IF(B109="NINO","INFANTIL",IF(B109="BEBITA","INFANTIL",IF(B109="BEBITO","INFANTIL",IF(B109="BEBE","INFANTIL",IF(B109="HOGAR","HOGAR Y COMPLEMENTOS",IF(B109="COMPLEMENTOS","HOGAR Y COMPLEMENTOS",IF(B109="COLEGIAL","HOGAR Y COMPLEMENTOS",IF(B109="INT MUJER","INTERIOR",IF(B109="INT HOMBRE","INTERIOR",IF(B109="INT NINA","INTERIOR",IF(B109="INT NINO","INTERIOR",IF(B109="INT BEBITA","INTERIOR",IF(B109="INT BEBITO","INTERIOR",IF(B109="MUJER","MUJER",IF(B109="HOMBRE","HOMBRE","")))))))))))))))) -> INFANTIL | V109: Planeación Inicial | AA109: =+CONCATENATE(T109,B109,C109,D109,E109,F109) -> INFANTILBEBITAEXPLORADORDEPORTIVOCONJUNTOBASICO MODA
A110: 302288 | B110: BEBITA | C110: DORMILON | D110: DESCANSO | E110: ESTUCHES | F110: BASICO MODA | G110: 2 | H110: NA | I110: AMARILLO | J110: 12 | K110: FEBRERO | L110: 45329 | M110: INFORKIDS | N110: FIRME | O110: 0 | P110: Reprogramable | Q110: CEDI | R110: BEBITADORMILONDESCANSOESTUCHESBASICO MODA | T110: =+IF(B110="NINA","INFANTIL",IF(B110="NINO","INFANTIL",IF(B110="BEBITA","INFANTIL",IF(B110="BEBITO","INFANTIL",IF(B110="BEBE","INFANTIL",IF(B110="HOGAR","HOGAR Y COMPLEMENTOS",IF(B110="COMPLEMENTOS","HOGAR Y COMPLEMENTOS",IF(B110="COLEGIAL","HOGAR Y COMPLEMENTOS",IF(B110="INT MUJER","INTERIOR",IF(B110="INT HOMBRE","INTERIOR",IF(B110="INT NINA","INTERIOR",IF(B110="INT NINO","INTERIOR",IF(B110="INT BEBITA","INTERIOR",IF(B110="INT BEBITO","INTERIOR",IF(B110="MUJER","MUJER",IF(B110="HOMBRE","HOMBRE","")))))))))))))))) -> INFANTIL | V110: Planeación Inicial | AA110: =+CONCATENATE(T110,B110,C110,D110,E110,F110) -> INFANTILBEBITADORMILONDESCANSOESTUCHESBASICO MODA
A111: 302288 | B111: BEBITA | C111: DORMILON | D111: DESCANSO | E111: ESTUCHES | F111: BASICO MODA | G111: 2 | H111: NA | I111: BLANCO | J111: 24 | K111: FEBRERO | L111: 45329 | M111: INFORKIDS | N111: FIRME | O111: 0 | P111: Reprogramable | Q111: CEDI | R111: BEBITADORMILONDESCANSOESTUCHESBASICO MODA | T111: =+IF(B111="NINA","INFANTIL",IF(B111="NINO","INFANTIL",IF(B111="BEBITA","INFANTIL",IF(B111="BEBITO","INFANTIL",IF(B111="BEBE","INFANTIL",IF(B111="HOGAR","HOGAR Y COMPLEMENTOS",IF(B111="COMPLEMENTOS","HOGAR Y COMPLEMENTOS",IF(B111="COLEGIAL","HOGAR Y COMPLEMENTOS",IF(B111="INT MUJER","INTERIOR",IF(B111="INT HOMBRE","INTERIOR",IF(B111="INT NINA","INTERIOR",IF(B111="INT NINO","INTERIOR",IF(B111="INT BEBITA","INTERIOR",IF(B111="INT BEBITO","INTERIOR",IF(B111="MUJER","MUJER",IF(B111="HOMBRE","HOMBRE","")))))))))))))))) -> INFANTIL | V111: Planeación Inicial | AA111: =+CONCATENATE(T111,B111,C111,D111,E111,F111) -> INFANTILBEBITADORMILONDESCANSOESTUCHESBASICO MODA
A112: 311631 | B112: BEBITA | C112: DORMILON | D112: DEPORTIVO | E112: CAMISETA | F112: BASICO NEUTRO | G112: 2 | H112: 18-24 | I112: BLANCO | J112: 12 | K112: FEBRERO | L112: 45329 | M112: INFORKIDS | N112: FIRME | O112: 0 | P112: Reprogramable | Q112: CEDI | R112: BEBITADORMILONDEPORTIVOCAMISETABASICO NEUTRO | T112: =+IF(B112="NINA","INFANTIL",IF(B112="NINO","INFANTIL",IF(B112="BEBITA","INFANTIL",IF(B112="BEBITO","INFANTIL",IF(B112="BEBE","INFANTIL",IF(B112="HOGAR","HOGAR Y COMPLEMENTOS",IF(B112="COMPLEMENTOS","HOGAR Y COMPLEMENTOS",IF(B112="COLEGIAL","HOGAR Y COMPLEMENTOS",IF(B112="INT MUJER","INTERIOR",IF(B112="INT HOMBRE","INTERIOR",IF(B112="INT NINA","INTERIOR",IF(B112="INT NINO","INTERIOR",IF(B112="INT BEBITA","INTERIOR",IF(B112="INT BEBITO","INTERIOR",IF(B112="MUJER","MUJER",IF(B112="HOMBRE","HOMBRE","")))))))))))))))) -> INFANTIL | V112: Planeación Inicial | AA112: =+CONCATENATE(T112,B112,C112,D112,E112,F112) -> INFANTILBEBITADORMILONDEPORTIVOCAMISETABASICO NEUTRO
A113: 311632 | B113: BEBITA | C113: DORMILON | D113: DEPORTIVO | E113: CAMISETA | F113: BASICO NEUTRO | G113: 2 | H113: 18-24 | I113: BLANCO | J113: 24 | K113: FEBRERO | L113: 45329 | M113: INFORKIDS | N113: FIRME | O113: 0 | P113: Reprogramable | Q113: CEDI | R113: BEBITADORMILONDEPORTIVOCAMISETABASICO NEUTRO | T113: =+IF(B113="NINA","INFANTIL",IF(B113="NINO","INFANTIL",IF(B113="BEBITA","INFANTIL",IF(B113="BEBITO","INFANTIL",IF(B113="BEBE","INFANTIL",IF(B113="HOGAR","HOGAR Y COMPLEMENTOS",IF(B113="COMPLEMENTOS","HOGAR Y COMPLEMENTOS",IF(B113="COLEGIAL","HOGAR Y COMPLEMENTOS",IF(B113="INT MUJER","INTERIOR",IF(B113="INT HOMBRE","INTERIOR",IF(B113="INT NINA","INTERIOR",IF(B113="INT NINO","INTERIOR",IF(B113="INT BEBITA","INTERIOR",IF(B113="INT BEBITO","INTERIOR",IF(B113="MUJER","MUJER",IF(B113="HOMBRE","HOMBRE","")))))))))))))))) -> INFANTIL | V113: Planeación Inicial | AA113: =+CONCATENATE(T113,B113,C113,D113,E113,F113) -> INFANTILBEBITADORMILONDEPORTIVOCAMISETABASICO NEUTRO
A114: 311633 | B114: BEBITA | C114: DORMILON | D114: DEPORTIVO | E114: CAMISETA | F114: BASICO MODA | G114: 2 | H114: 12-18 | I114: NA | J114: 12 | K114: FEBRERO | L114: 45329 | M114: INFORKIDS | N114: FIRME | O114: 0 | P114: Reprogramable | Q114: CEDI | R114: BEBITADORMILONDEPORTIVOCAMISETABASICO MODA | T114: =+IF(B114="NINA","INFANTIL",IF(B114="NINO","INFANTIL",IF(B114="BEBITA","INFANTIL",IF(B114="BEBITO","INFANTIL",IF(B114="BEBE","INFANTIL",IF(B114="HOGAR","HOGAR Y COMPLEMENTOS",IF(B114="COMPLEMENTOS","HOGAR Y COMPLEMENTOS",IF(B114="COLEGIAL","HOGAR Y COMPLEMENTOS",IF(B114="INT MUJER","INTERIOR",IF(B114="INT HOMBRE","INTERIOR",IF(B114="INT NINA","INTERIOR",IF(B114="INT NINO","INTERIOR",IF(B114="INT BEBITA","INTERIOR",IF(B114="INT BEBITO","INTERIOR",IF(B114="MUJER","MUJER",IF(B114="HOMBRE","HOMBRE","")))))))))))))))) -> INFANTIL | V114: Planeación Inicial | AA114: =+CONCATENATE(T114,B114,C114,D114,E114,F114) -> INFANTILBEBITADORMILONDEPORTIVOCAMISETABASICO MODA
A115: 311633 | B115: BEBITA | C115: DORMILON | D115: DEPORTIVO | E115: CAMISETA | F115: BASICO MODA | G115: 2 | H115: 18-24 | I115: NA | J115: 48 | K115: FEBRERO | L115: 45329 | M115: INFORKIDS | N115: FIRME | O115: 0 | P115: Reprogramable | Q115: CEDI | R115: BEBITADORMILONDEPORTIVOCAMISETABASICO MODA | T115: =+IF(B115="NINA","INFANTIL",IF(B115="NINO","INFANTIL",IF(B115="BEBITA","INFANTIL",IF(B115="BEBITO","INFANTIL",IF(B115="BEBE","INFANTIL",IF(B115="HOGAR","HOGAR Y COMPLEMENTOS",IF(B115="COMPLEMENTOS","HOGAR Y COMPLEMENTOS",IF(B115="COLEGIAL","HOGAR Y COMPLEMENTOS",IF(B115="INT MUJER","INTERIOR",IF(B115="INT HOMBRE","INTERIOR",IF(B115="INT NINA","INTERIOR",IF(B115="INT NINO","INTERIOR",IF(B115="INT BEBITA","INTERIOR",IF(B115="INT BEBITO","INTERIOR",IF(B115="MUJER","MUJER",IF(B115="HOMBRE","HOMBRE","")))))))))))))))) -> INFANTIL | V115: Planeación Inicial | AA115: =+CONCATENATE(T115,B115,C115,D115,E115,F115) -> INFANTILBEBITADORMILONDEPORTIVOCAMISETABASICO MODA
A116: 311634 | B116: BEBITA | C116: DORMILON | D116: DEPORTIVO | E116: CAMISETA | F116: BASICO MODA | G116: 3 | H116: 12-18 | I116: NA | J116: 12 | K116: FEBRERO | L116: 45329 | M116: INFORKIDS | N116: FIRME | O116: 0 | P116: Reprogramable | Q116: CEDI | R116: BEBITADORMILONDEPORTIVOCAMISETABASICO MODA | T116: =+IF(B116="NINA","INFANTIL",IF(B116="NINO","INFANTIL",IF(B116="BEBITA","INFANTIL",IF(B116="BEBITO","INFANTIL",IF(B116="BEBE","INFANTIL",IF(B116="HOGAR","HOGAR Y COMPLEMENTOS",IF(B116="COMPLEMENTOS","HOGAR Y COMPLEMENTOS",IF(B116="COLEGIAL","HOGAR Y COMPLEMENTOS",IF(B116="INT MUJER","INTERIOR",IF(B116="INT HOMBRE","INTERIOR",IF(B116="INT NINA","INTERIOR",IF(B116="INT NINO","INTERIOR",IF(B116="INT BEBITA","INTERIOR",IF(B116="INT BEBITO","INTERIOR",IF(B116="MUJER","MUJER",IF(B116="HOMBRE","HOMBRE","")))))))))))))))) -> INFANTIL | V116: Planeación Inicial | AA116: =+CONCATENATE(T116,B116,C116,D116,E116,F116) -> INFANTILBEBITADORMILONDEPORTIVOCAMISETABASICO MODA
A117: 311636 | B117: BEBITA | C117: DORMILON | D117: DEPORTIVO | E117: CAMISETA | F117: BASICO MODA | G117: 2 | H117: 12-18 | I117: NA | J117: 24 | K117: FEBRERO | L117: 45329 | M117: INFORKIDS | N117: FIRME | O117: 0 | P117: Reprogramable | Q117: CEDI | R117: BEBITADORMILONDEPORTIVOCAMISETABASICO MODA | T117: =+IF(B117="NINA","INFANTIL",IF(B117="NINO","INFANTIL",IF(B117="BEBITA","INFANTIL",IF(B117="BEBITO","INFANTIL",IF(B117="BEBE","INFANTIL",IF(B117="HOGAR","HOGAR Y COMPLEMENTOS",IF(B117="COMPLEMENTOS","HOGAR Y COMPLEMENTOS",IF(B117="COLEGIAL","HOGAR Y COMPLEMENTOS",IF(B117="INT MUJER","INTERIOR",IF(B117="INT HOMBRE","INTERIOR",IF(B117="INT NINA","INTERIOR",IF(B117="INT NINO","INTERIOR",IF(B117="INT BEBITA","INTERIOR",IF(B117="INT BEBITO","INTERIOR",IF(B117="MUJER","MUJER",IF(B117="HOMBRE","HOMBRE","")))))))))))))))) -> INFANTIL | V117: Planeación Inicial | AA117: =+CONCATENATE(T117,B117,C117,D117,E117,F117) -> INFANTILBEBITADORMILONDEPORTIVOCAMISETABASICO MODA
A118: 311636 | B118: BEBITA | C118: DORMILON | D118: DEPORTIVO | E118: CAMISETA | F118: BASICO MODA | G118: 2 | H118: 18-24 | I118: NA | J118: 24 | K118: FEBRERO | L118: 45329 | M118: INFORKIDS | N118: FIRME | O118: 0 | P118: Reprogramable | Q118: CEDI | R118: BEBITADORMILONDEPORTIVOCAMISETABASICO MODA | T118: =+IF(B118="NINA","INFANTIL",IF(B118="NINO","INFANTIL",IF(B118="BEBITA","INFANTIL",IF(B118="BEBITO","INFANTIL",IF(B118="BEBE","INFANTIL",IF(B118="HOGAR","HOGAR Y COMPLEMENTOS",IF(B118="COMPLEMENTOS","HOGAR Y COMPLEMENTOS",IF(B118="COLEGIAL","HOGAR Y COMPLEMENTOS",IF(B118="INT MUJER","INTERIOR",IF(B118="INT HOMBRE","INTERIOR",IF(B118="INT NINA","INTERIOR",IF(B118="INT NINO","INTERIOR",IF(B118="INT BEBITA","INTERIOR",IF(B118="INT BEBITO","INTERIOR",IF(B118="MUJER","MUJER",IF(B118="HOMBRE","HOMBRE","")))))))))))))))) -> INFANTIL | V118: Planeación Inicial | AA118: =+CONCATENATE(T118,B118,C118,D118,E118,F118) -> INFANTILBEBITADORMILONDEPORTIVOCAMISETABASICO MODA
A119: 311637 | B119: BEBITA | C119: DORMILON | D119: DEPORTIVO | E119: CONJUNTO | F119: BASICO MODA | G119: 4 | H119: 6-12 | I119: NA | J119: 12 | K119: FEBRERO | L119: 45329 | M119: INFORKIDS | N119: FIRME | O119: 0 | P119: Reprogramable | Q119: CEDI | R119: BEBITADORMILONDEPORTIVOCONJUNTOBASICO MODA | T119: =+IF(B119="NINA","INFANTIL",IF(B119="NINO","INFANTIL",IF(B119="BEBITA","INFANTIL",IF(B119="BEBITO","INFANTIL",IF(B119="BEBE","INFANTIL",IF(B119="HOGAR","HOGAR Y COMPLEMENTOS",IF(B119="COMPLEMENTOS","HOGAR Y COMPLEMENTOS",IF(B119="COLEGIAL","HOGAR Y COMPLEMENTOS",IF(B119="INT MUJER","INTERIOR",IF(B119="INT HOMBRE","INTERIOR",IF(B119="INT NINA","INTERIOR",IF(B119="INT NINO","INTERIOR",IF(B119="INT BEBITA","INTERIOR",IF(B119="INT BEBITO","INTERIOR",IF(B119="MUJER","MUJER",IF(B119="HOMBRE","HOMBRE","")))))))))))))))) -> INFANTIL | V119: Planeación Inicial | AA119: =+CONCATENATE(T119,B119,C119,D119,E119,F119) -> INFANTILBEBITADORMILONDEPORTIVOCONJUNTOBASICO MODA
A120: 311637 | B120: BEBITA | C120: DORMILON | D120: DEPORTIVO | E120: CONJUNTO | F120: BASICO MODA | G120: 4 | H120: 12-18 | I120: NA | J120: 12 | K120: FEBRERO | L120: 45329 | M120: INFORKIDS | N120: FIRME | O120: 0 | P120: Reprogramable | Q120: CEDI | R120: BEBITADORMILONDEPORTIVOCONJUNTOBASICO MODA | T120: =+IF(B120="NINA","INFANTIL",IF(B120="NINO","INFANTIL",IF(B120="BEBITA","INFANTIL",IF(B120="BEBITO","INFANTIL",IF(B120="BEBE","INFANTIL",IF(B120="HOGAR","HOGAR Y COMPLEMENTOS",IF(B120="COMPLEMENTOS","HOGAR Y COMPLEMENTOS",IF(B120="COLEGIAL","HOGAR Y COMPLEMENTOS",IF(B120="INT MUJER","INTERIOR",IF(B120="INT HOMBRE","INTERIOR",IF(B120="INT NINA","INTERIOR",IF(B120="INT NINO","INTERIOR",IF(B120="INT BEBITA","INTERIOR",IF(B120="INT BEBITO","INTERIOR",IF(B120="MUJER","MUJER",IF(B120="HOMBRE","HOMBRE","")))))))))))))))) -> INFANTIL | V120: Planeación Inicial | AA120: =+CONCATENATE(T120,B120,C120,D120,E120,F120) -> INFANTILBEBITADORMILONDEPORTIVOCONJUNTOBASICO MODA
A121: 311637 | B121: BEBITA | C121: DORMILON | D121: DEPORTIVO | E121: CONJUNTO | F121: BASICO MODA | G121: 4 | H121: 18-24 | I121: NA | J121: 24 | K121: FEBRERO | L121: 45329 | M121: INFORKIDS | N121: FIRME | O121: 0 | P121: Reprogramable | Q121: CEDI | R121: BEBITADORMILONDEPORTIVOCONJUNTOBASICO MODA | T121: =+IF(B121="NINA","INFANTIL",IF(B121="NINO","INFANTIL",IF(B121="BEBITA","INFANTIL",IF(B121="BEBITO","INFANTIL",IF(B121="BEBE","INFANTIL",IF(B121="HOGAR","HOGAR Y COMPLEMENTOS",IF(B121="COMPLEMENTOS","HOGAR Y COMPLEMENTOS",IF(B121="COLEGIAL","HOGAR Y COMPLEMENTOS",IF(B121="INT MUJER","INTERIOR",IF(B121="INT HOMBRE","INTERIOR",IF(B121="INT NINA","INTERIOR",IF(B121="INT NINO","INTERIOR",IF(B121="INT BEBITA","INTERIOR",IF(B121="INT BEBITO","INTERIOR",IF(B121="MUJER","MUJER",IF(B121="HOMBRE","HOMBRE","")))))))))))))))) -> INFANTIL | V121: Planeación Inicial | AA121: =+CONCATENATE(T121,B121,C121,D121,E121,F121) -> INFANTILBEBITADORMILONDEPORTIVOCONJUNTOBASICO MODA
... A130: 311725 | B130: BEBITA | C130: DORMILON | D130: DESCANSO | E130: INDIVIDUALES | F130: BASICO MODA | G130: 1 | H130: NA | I130: NA | J130: 348 | K130: FEBRERO | L130: 45329 | M130: INFORKIDS | N130: FIRME | O130: 0 | P130: Reprogramable | Q130: CEDI | R130: BEBITADORMILONDESCANSOINDIVIDUALESBASICO MODA | T130: =+IF(B130="NINA","INFANTIL",IF(B130="NINO","INFANTIL",IF(B130="BEBITA","INFANTIL",IF(B130="BEBITO","INFANTIL",IF(B130="BEBE","INFANTIL",IF(B130="HOGAR","HOGAR Y COMPLEMENTOS",IF(B130="COMPLEMENTOS","HOGAR Y COMPLEMENTOS",IF(B130="COLEGIAL","HOGAR Y COMPLEMENTOS",IF(B130="INT MUJER","INTERIOR",IF(B130="INT HOMBRE","INTERIOR",IF(B130="INT NINA","INTERIOR",IF(B130="INT NINO","INTERIOR",IF(B130="INT BEBITA","INTERIOR",IF(B130="INT BEBITO","INTERIOR",IF(B130="MUJER","MUJER",IF(B130="HOMBRE","HOMBRE","")))))))))))))))) -> INFANTIL | V130: Planeación Inicial | AA130: =+CONCATENATE(T130,B130,C130,D130,E130,F130) -> INFANTILBEBITADORMILONDESCANSOINDIVIDUALESBASICO MODA
A131: REF LN FM BTA 36 | B131: BEBITA | C131: EXPLORADOR | D131: CASUAL | E131: VESTIDO | F131: BASICO MODA | G131: 1 | H131: 18-24 | I131: 1 | J131: 44 | K131: FEBRERO | L131: 45341 | M131: MAJA FASHION SOCIEDAD POR ACCIONES SIMPL | N131: FIRME | O131: 0 | P131: Líneas | Q131: CEDI | R131: BEBITAEXPLORADORCASUALVESTIDOBASICO MODA | T131: =+IF(B131="NINA","INFANTIL",IF(B131="NINO","INFANTIL",IF(B131="BEBITA","INFANTIL",IF(B131="BEBITO","INFANTIL",IF(B131="BEBE","INFANTIL",IF(B131="HOGAR","HOGAR Y COMPLEMENTOS",IF(B131="COMPLEMENTOS","HOGAR Y COMPLEMENTOS",IF(B131="COLEGIAL","HOGAR Y COMPLEMENTOS",IF(B131="INT MUJER","INTERIOR",IF(B131="INT HOMBRE","INTERIOR",IF(B131="INT NINA","INTERIOR",IF(B131="INT NINO","INTERIOR",IF(B131="INT BEBITA","INTERIOR",IF(B131="INT BEBITO","INTERIOR",IF(B131="MUJER","MUJER",IF(B131="HOMBRE","HOMBRE","")))))))))))))))) -> INFANTIL | V131: Planeación Inicial | AA131: =+CONCATENATE(T131,B131,C131,D131,E131,F131) -> INFANTILBEBITAEXPLORADORCASUALVESTIDOBASICO MODA
A132: REF LN FM BTA 36 | B132: BEBITA | C132: EXPLORADOR | D132: CASUAL | E132: VESTIDO | F132: BASICO MODA | G132: 1 | H132: 0-6 | I132: 1 | J132: 70 | K132: FEBRERO | L132: 45341 | M132: MAJA FASHION SOCIEDAD POR ACCIONES SIMPL | N132: FIRME | O132: 0 | P132: Líneas | Q132: CEDI | R132: BEBITAEXPLORADORCASUALVESTIDOBASICO MODA | T132: =+IF(B132="NINA","INFANTIL",IF(B132="NINO","INFANTIL",IF(B132="BEBITA","INFANTIL",IF(B132="BEBITO","INFANTIL",IF(B132="BEBE","INFANTIL",IF(B132="HOGAR","HOGAR Y COMPLEMENTOS",IF(B132="COMPLEMENTOS","HOGAR Y COMPLEMENTOS",IF(B132="COLEGIAL","HOGAR Y COMPLEMENTOS",IF(B132="INT MUJER","INTERIOR",IF(B132="INT HOMBRE","INTERIOR",IF(B132="INT NINA","INTERIOR",IF(B132="INT NINO","INTERIOR",IF(B132="INT BEBITA","INTERIOR",IF(B132="INT BEBITO","INTERIOR",IF(B132="MUJER","MUJER",IF(B132="HOMBRE","HOMBRE","")))))))))))))))) -> INFANTIL | V132: Planeación Inicial | AA132: =+CONCATENATE(T132,B132,C132,D132,E132,F132) -> INFANTILBEBITAEXPLORADORCASUALVESTIDOBASICO MODA
A133: REF LN FM BTA 36 | B133: BEBITA | C133: EXPLORADOR | D133: CASUAL | E133: VESTIDO | F133: BASICO MODA | G133: 1 | H133: 12-18 | I133: 1 | J133: 116 | K133: FEBRERO | L133: 45341 | M133: MAJA FASHION SOCIEDAD POR ACCIONES SIMPL | N133: FIRME | O133: 0 | P133: Líneas | Q133: CEDI | R133: BEBITAEXPLORADORCASUALVESTIDOBASICO MODA | T133: =+IF(B133="NINA","INFANTIL",IF(B133="NINO","INFANTIL",IF(B133="BEBITA","INFANTIL",IF(B133="BEBITO","INFANTIL",IF(B133="BEBE","INFANTIL",IF(B133="HOGAR","HOGAR Y COMPLEMENTOS",IF(B133="COMPLEMENTOS","HOGAR Y COMPLEMENTOS",IF(B133="COLEGIAL","HOGAR Y COMPLEMENTOS",IF(B133="INT MUJER","INTERIOR",IF(B133="INT HOMBRE","INTERIOR",IF(B133="INT NINA","INTERIOR",IF(B133="INT NINO","INTERIOR",IF(B133="INT BEBITA","INTERIOR",IF(B133="INT BEBITO","INTERIOR",IF(B133="MUJER","MUJER",IF(B133="HOMBRE","HOMBRE","")))))))))))))))) -> INFANTIL | V133: Planeación Inicial | AA133: =+CONCATENATE(T133,B133,C133,D133,E133,F133) -> INFANTILBEBITAEXPLORADORCASUALVESTIDOBASICO MODA
A134: REF LN FM BTA 36 | B134: BEBITA | C134: EXPLORADOR | D134: CASUAL | E134: VESTIDO | F134: BASICO MODA | G134: 1 | H134: 6-12 | I134: 1 | J134: 110 | K134: FEBRERO | L134: 45341 | M134: MAJA FASHION SOCIEDAD POR ACCIONES SIMPL | N134: FIRME | O134: 0 | P134: Líneas | Q134: CEDI | R134: BEBITAEXPLORADORCASUALVESTIDOBASICO MODA | T134: =+IF(B134="NINA","INFANTIL",IF(B134="NINO","INFANTIL",IF(B134="BEBITA","INFANTIL",IF(B134="BEBITO","INFANTIL",IF(B134="BEBE","INFANTIL",IF(B134="HOGAR","HOGAR Y COMPLEMENTOS",IF(B134="COMPLEMENTOS","HOGAR Y COMPLEMENTOS",IF(B134="COLEGIAL","HOGAR Y COMPLEMENTOS",IF(B134="INT MUJER","INTERIOR",IF(B134="INT HOMBRE","INTERIOR",IF(B134="INT NINA","INTERIOR",IF(B134="INT NINO","INTERIOR",IF(B134="INT BEBITA","INTERIOR",IF(B134="INT BEBITO","INTERIOR",IF(B134="MUJER","MUJER",IF(B134="HOMBRE","HOMBRE","")))))))))))))))) -> INFANTIL | V134: Planeación Inicial | AA134: =+CONCATENATE(T134,B134,C134,D134,E134,F134) -> INFANTILBEBITAEXPLORADORCASUALVESTIDOBASICO MODA
A135: REF LN FM BTA 37 | B135: BEBITA | C135: EXPLORADOR | D135: CASUAL | E135: VESTIDO | F135: BASICO MODA | G135: 1 | H135: 18-24 | I135: 1 | J135: 44 | K135: FEBRERO | L135: 45341 | M135: MAJA FASHION SOCIEDAD POR ACCIONES SIMPL | N135: FIRME | O135: 0 | P135: Líneas | Q135: CEDI | R135: BEBITAEXPLORADORCASUALVESTIDOBASICO MODA | T135: =+IF(B135="NINA","INFANTIL",IF(B135="NINO","INFANTIL",IF(B135="BEBITA","INFANTIL",IF(B135="BEBITO","INFANTIL",IF(B135="BEBE","INFANTIL",IF(B135="HOGAR","HOGAR Y COMPLEMENTOS",IF(B135="COMPLEMENTOS","HOGAR Y COMPLEMENTOS",IF(B135="COLEGIAL","HOGAR Y COMPLEMENTOS",IF(B135="INT MUJER","INTERIOR",IF(B135="INT HOMBRE","INTERIOR",IF(B135="INT NINA","INTERIOR",IF(B135="INT NINO","INTERIOR",IF(B135="INT BEBITA","INTERIOR",IF(B135="INT BEBITO","INTERIOR",IF(B135="MUJER","MUJER",IF(B135="HOMBRE","HOMBRE","")))))))))))))))) -> INFANTIL | V135: Planeación Inicial | AA135: =+CONCATENATE(T135,B135,C135,D135,E135,F135) -> INFANTILBEBITAEXPLORADORCASUALVESTIDOBASICO MODA
A136: REF LN FM BTA 37 | B136: BEBITA | C136: EXPLORADOR | D136: CASUAL | E136: VESTIDO | F136: BASICO MODA | G136: 1 | H136: 0-6 | I136: 1 | J136: 70 | K136: FEBRERO | L136: 45341 | M136: MAJA FASHION SOCIEDAD POR ACCIONES SIMPL | N136: FIRME | O136: 0 | P136: Líneas | Q136: CEDI | R136: BEBITAEXPLORADORCASUALVESTIDOBASICO MODA | T136: =+IF(B136="NINA","INFANTIL",IF(B136="NINO","INFANTIL",IF(B136="BEBITA","INFANTIL",IF(B136="BEBITO","INFANTIL",IF(B136="BEBE","INFANTIL",IF(B136="HOGAR","HOGAR Y COMPLEMENTOS",IF(B136="COMPLEMENTOS","HOGAR Y COMPLEMENTOS",IF(B136="COLEGIAL","HOGAR Y COMPLEMENTOS",IF(B136="INT MUJER","INTERIOR",IF(B136="INT HOMBRE","INTERIOR",IF(B136="INT NINA","INTERIOR",IF(B136="INT NINO","INTERIOR",IF(B136="INT BEBITA","INTERIOR",IF(B136="INT BEBITO","INTERIOR",IF(B136="MUJER","MUJER",IF(B136="HOMBRE","HOMBRE","")))))))))))))))) -> INFANTIL | V136: Planeación Inicial | AA136: =+CONCATENATE(T136,B136,C136,D136,E136,F136) -> INFANTILBEBITAEXPLORADORCASUALVESTIDOBASICO MODA
A137: REF LN FM BTA 37 | B137: BEBITA | C137: EXPLORADOR | D137: CASUAL | E137: VESTIDO | F137: BASICO MODA | G137: 1 | H137: 12-18 | I137: 1 | J137: 116 | K137: FEBRERO | L137: 45341 | M137: MAJA FASHION SOCIEDAD POR ACCIONES SIMPL | N137: FIRME | O137: 0 | P137: Líneas | Q137: CEDI | R137: BEBITAEXPLORADORCASUALVESTIDOBASICO MODA | T137: =+IF(B137="NINA","INFANTIL",IF(B137="NINO","INFANTIL",IF(B137="BEBITA","INFANTIL",IF(B137="BEBITO","INFANTIL",IF(B137="BEBE","INFANTIL",IF(B137="HOGAR","HOGAR Y COMPLEMENTOS",IF(B137="COMPLEMENTOS","HOGAR Y COMPLEMENTOS",IF(B137="COLEGIAL","HOGAR Y COMPLEMENTOS",IF(B137="INT MUJER","INTERIOR",IF(B137="INT HOMBRE","INTERIOR",IF(B137="INT NINA","INTERIOR",IF(B137="INT NINO","INTERIOR",IF(B137="INT BEBITA","INTERIOR",IF(B137="INT BEBITO","INTERIOR",IF(B137="MUJER","MUJER",IF(B137="HOMBRE","HOMBRE","")))))))))))))))) -> INFANTIL | V137: Planeación Inicial | AA137: =+CONCATENATE(T137,B137,C137,D137,E137,F137) -> INFANTILBEBITAEXPLORADORCASUALVESTIDOBASICO MODA
A138: REF LN FM BTA 37 | B138: BEBITA | C138: EXPLORADOR | D138: CASUAL | E138: VESTIDO | F138: BASICO MODA | G138: 1 | H138: 6-12 | I138: 1 | J138: 110 | K138: FEBRERO | L138: 45341 | M138: MAJA FASHION SOCIEDAD POR ACCIONES SIMPL | N138: FIRME | O138: 0 | P138: Líneas | Q138: CEDI | R138: BEBITAEXPLORADORCASUALVESTIDOBASICO MODA | T138: =+IF(B138="NINA","INFANTIL",IF(B138="NINO","INFANTIL",IF(B138="BEBITA","INFANTIL",IF(B138="BEBITO","INFANTIL",IF(B138="BEBE","INFANTIL",IF(B138="HOGAR","HOGAR Y COMPLEMENTOS",IF(B138="COMPLEMENTOS","HOGAR Y COMPLEMENTOS",IF(B138="COLEGIAL","HOGAR Y COMPLEMENTOS",IF(B138="INT MUJER","INTERIOR",IF(B138="INT HOMBRE","INTERIOR",IF(B138="INT NINA","INTERIOR",IF(B138="INT NINO","INTERIOR",IF(B138="INT BEBITA","INTERIOR",IF(B138="INT BEBITO","INTERIOR",IF(B138="MUJER","MUJER",IF(B138="HOMBRE","HOMBRE","")))))))))))))))) -> INFANTIL | V138: Planeación Inicial | AA138: =+CONCATENATE(T138,B138,C138,D138,E138,F138) -> INFANTILBEBITAEXPLORADORCASUALVESTIDOBASICO MODA
A139: REF LN FM BTA 35 | B139: BEBITA | C139: EXPLORADOR | D139: CASUAL | E139: SHORT | F139: BASICO MODA | G139: 1 | H139: 18-24 | I139: 1 | J139: 96 | K139: FEBRERO | L139: 45335 | M139: MARIA MARGARITA ZULETA ALVAREZ (EN CONSIGNACION) | N139: FIRME | O139: 0 | P139: Líneas | Q139: CEDI | R139: BEBITAEXPLORADORCASUALSHORTBASICO MODA | T139: =+IF(B139="NINA","INFANTIL",IF(B139="NINO","INFANTIL",IF(B139="BEBITA","INFANTIL",IF(B139="BEBITO","INFANTIL",IF(B139="BEBE","INFANTIL",IF(B139="HOGAR","HOGAR Y COMPLEMENTOS",IF(B139="COMPLEMENTOS","HOGAR Y COMPLEMENTOS",IF(B139="COLEGIAL","HOGAR Y COMPLEMENTOS",IF(B139="INT MUJER","INTERIOR",IF(B139="INT HOMBRE","INTERIOR",IF(B139="INT NINA","INTERIOR",IF(B139="INT NINO","INTERIOR",IF(B139="INT BEBITA","INTERIOR",IF(B139="INT BEBITO","INTERIOR",IF(B139="MUJER","MUJER",IF(B139="HOMBRE","HOMBRE","")))))))))))))))) -> INFANTIL | V139: Planeación Inicial | AA139: =+CONCATENATE(T139,B139,C139,D139,E139,F139) -> INFANTILBEBITAEXPLORADORCASUALSHORTBASICO MODA
A140: REF LN FM BTA 35 | B140: BEBITA | C140: EXPLORADOR | D140: CASUAL | E140: SHORT | F140: BASICO MODA | G140: 1 | H140: 12-18 | I140: 1 | J140: 54 | K140: FEBRERO | L140: 45335 | M140: MARIA MARGARITA ZULETA ALVAREZ (EN CONSIGNACION) | N140: FIRME | O140: 0 | P140: Líneas | Q140: CEDI | R140: BEBITAEXPLORADORCASUALSHORTBASICO MODA | T140: =+IF(B140="NINA","INFANTIL",IF(B140="NINO","INFANTIL",IF(B140="BEBITA","INFANTIL",IF(B140="BEBITO","INFANTIL",IF(B140="BEBE","INFANTIL",IF(B140="HOGAR","HOGAR Y COMPLEMENTOS",IF(B140="COMPLEMENTOS","HOGAR Y COMPLEMENTOS",IF(B140="COLEGIAL","HOGAR Y COMPLEMENTOS",IF(B140="INT MUJER","INTERIOR",IF(B140="INT HOMBRE","INTERIOR",IF(B140="INT NINA","INTERIOR",IF(B140="INT NINO","INTERIOR",IF(B140="INT BEBITA","INTERIOR",IF(B140="INT BEBITO","INTERIOR",IF(B140="MUJER","MUJER",IF(B140="HOMBRE","HOMBRE","")))))))))))))))) -> INFANTIL | V140: Planeación Inicial | AA140: =+CONCATENATE(T140,B140,C140,D140,E140,F140) -> INFANTILBEBITAEXPLORADORCASUALSHORTBASICO MODA
A141: REF LN FM BTA 35 | B141: BEBITA | C141: EXPLORADOR | D141: CASUAL | E141: SHORT | F141: BASICO MODA | G141: 1 | H141: 6-12 | I141: 1 | J141: 53 | K141: FEBRERO | L141: 45335 | M141: MARIA MARGARITA ZULETA ALVAREZ (EN CONSIGNACION) | N141: FIRME | O141: 0 | P141: Líneas | Q141: CEDI | R141: BEBITAEXPLORADORCASUALSHORTBASICO MODA | T141: =+IF(B141="NINA","INFANTIL",IF(B141="NINO","INFANTIL",IF(B141="BEBITA","INFANTIL",IF(B141="BEBITO","INFANTIL",IF(B141="BEBE","INFANTIL",IF(B141="HOGAR","HOGAR Y COMPLEMENTOS",IF(B141="COMPLEMENTOS","HOGAR Y COMPLEMENTOS",IF(B141="COLEGIAL","HOGAR Y COMPLEMENTOS",IF(B141="INT MUJER","INTERIOR",IF(B141="INT HOMBRE","INTERIOR",IF(B141="INT NINA","INTERIOR",IF(B141="INT NINO","INTERIOR",IF(B141="INT BEBITA","INTERIOR",IF(B141="INT BEBITO","INTERIOR",IF(B141="MUJER","MUJER",IF(B141="HOMBRE","HOMBRE","")))))))))))))))) -> INFANTIL | V141: Planeación Inicial | AA141: =+CONCATENATE(T141,B141,C141,D141,E141,F141) -> INFANTILBEBITAEXPLORADORCASUALSHORTBASICO MODA
A142: REF LN FM BTA 35 | B142: BEBITA | C142: EXPLORADOR | D142: CASUAL | E142: SHORT | F142: BASICO MODA | G142: 1 | H142: 24-36 | I142: 1 | J142: 78 | K142: FEBRERO | L142: 45335 | M142: MARIA MARGARITA ZULETA ALVAREZ (EN CONSIGNACION) | N142: FIRME | O142: 0 | P142: Líneas | Q142: CEDI | R142: BEBITAEXPLORADORCASUALSHORTBASICO MODA | T142: =+IF(B142="NINA","INFANTIL",IF(B142="NINO","INFANTIL",IF(B142="BEBITA","INFANTIL",IF(B142="BEBITO","INFANTIL",IF(B142="BEBE","INFANTIL",IF(B142="HOGAR","HOGAR Y COMPLEMENTOS",IF(B142="COMPLEMENTOS","HOGAR Y COMPLEMENTOS",IF(B142="COLEGIAL","HOGAR Y COMPLEMENTOS",IF(B142="INT MUJER","INTERIOR",IF(B142="INT HOMBRE","INTERIOR",IF(B142="INT NINA","INTERIOR",IF(B142="INT NINO","INTERIOR",IF(B142="INT BEBITA","INTERIOR",IF(B142="INT BEBITO","INTERIOR",IF(B142="MUJER","MUJER",IF(B142="HOMBRE","HOMBRE","")))))))))))))))) -> INFANTIL | V142: Planeación Inicial | AA142: =+CONCATENATE(T142,B142,C142,D142,E142,F142) -> INFANTILBEBITAEXPLORADORCASUALSHORTBASICO MODA
... A201: REF LN FM BTA 56 | B201: BEBITA | C201: EXPLORADOR | D201: DESCANSO | E201: ENTERIZO | F201: BASICO MODA | G201: 2 | H201: 6-12 | I201: 1 | J201: 48 | K201: FEBRERO | L201: 45335 | M201: SUAREZ CASTILLO FLORINDA | N201: FIRME | O201: 0 | P201: Líneas | Q201: CEDI | R201: BEBITAEXPLORADORDESCANSOENTERIZOBASICO MODA | T201: =+IF(B201="NINA","INFANTIL",IF(B201="NINO","INFANTIL",IF(B201="BEBITA","INFANTIL",IF(B201="BEBITO","INFANTIL",IF(B201="BEBE","INFANTIL",IF(B201="HOGAR","HOGAR Y COMPLEMENTOS",IF(B201="COMPLEMENTOS","HOGAR Y COMPLEMENTOS",IF(B201="COLEGIAL","HOGAR Y COMPLEMENTOS",IF(B201="INT MUJER","INTERIOR",IF(B201="INT HOMBRE","INTERIOR",IF(B201="INT NINA","INTERIOR",IF(B201="INT NINO","INTERIOR",IF(B201="INT BEBITA","INTERIOR",IF(B201="INT BEBITO","INTERIOR",IF(B201="MUJER","MUJER",IF(B201="HOMBRE","HOMBRE","")))))))))))))))) -> INFANTIL | V201: Planeación Inicial | AA201: =+CONCATENATE(T201,B201,C201,D201,E201,F201) -> INFANTILBEBITAEXPLORADORDESCANSOENTERIZOBASICO MODA
A202: 311935 | B202: BEBITA | C202: DORMILON | D202: DEPORTIVO | E202: CAMISETA | F202: BASICO MODA | G202: 3 | H202: 18-24 | I202: COLORREPR | J202: 0 | K202: FEBRERO | L202: 45345 | M202: TEJIDOS Y CONFECCIONES GERPAR S.A (EN CONSIGNACION) | N202: VMI | O202: 0 | P202: Reprogramable | Q202: TIENDAS | R202: BEBITADORMILONDEPORTIVOCAMISETABASICO MODA | T202: =+IF(B202="NINA","INFANTIL",IF(B202="NINO","INFANTIL",IF(B202="BEBITA","INFANTIL",IF(B202="BEBITO","INFANTIL",IF(B202="BEBE","INFANTIL",IF(B202="HOGAR","HOGAR Y COMPLEMENTOS",IF(B202="COMPLEMENTOS","HOGAR Y COMPLEMENTOS",IF(B202="COLEGIAL","HOGAR Y COMPLEMENTOS",IF(B202="INT MUJER","INTERIOR",IF(B202="INT HOMBRE","INTERIOR",IF(B202="INT NINA","INTERIOR",IF(B202="INT NINO","INTERIOR",IF(B202="INT BEBITA","INTERIOR",IF(B202="INT BEBITO","INTERIOR",IF(B202="MUJER","MUJER",IF(B202="HOMBRE","HOMBRE","")))))))))))))))) -> INFANTIL | V202: Planeación Inicial | AA202: =+CONCATENATE(T202,B202,C202,D202,E202,F202) -> INFANTILBEBITADORMILONDEPORTIVOCAMISETABASICO MODA
A203: 311935 | B203: BEBITA | C203: DORMILON | D203: DEPORTIVO | E203: CAMISETA | F203: BASICO MODA | G203: 3 | H203: 18-24 | I203: ROSADO | J203: 18 | K203: FEBRERO | L203: 45345 | M203: TEJIDOS Y CONFECCIONES GERPAR S.A (EN CONSIGNACION) | N203: VMI | O203: 0 | P203: Reprogramable | Q203: TIENDAS | R203: BEBITADORMILONDEPORTIVOCAMISETABASICO MODA | T203: =+IF(B203="NINA","INFANTIL",IF(B203="NINO","INFANTIL",IF(B203="BEBITA","INFANTIL",IF(B203="BEBITO","INFANTIL",IF(B203="BEBE","INFANTIL",IF(B203="HOGAR","HOGAR Y COMPLEMENTOS",IF(B203="COMPLEMENTOS","HOGAR Y COMPLEMENTOS",IF(B203="COLEGIAL","HOGAR Y COMPLEMENTOS",IF(B203="INT MUJER","INTERIOR",IF(B203="INT HOMBRE","INTERIOR",IF(B203="INT NINA","INTERIOR",IF(B203="INT NINO","INTERIOR",IF(B203="INT BEBITA","INTERIOR",IF(B203="INT BEBITO","INTERIOR",IF(B203="MUJER","MUJER",IF(B203="HOMBRE","HOMBRE","")))))))))))))))) -> INFANTIL | V203: Planeación Inicial | AA203: =+CONCATENATE(T203,B203,C203,D203,E203,F203) -> INFANTILBEBITADORMILONDEPORTIVOCAMISETABASICO MODA
...

Sheet Hoja1
L2: 153636 | M2: BOCANEGRA MARIA ELENA
B3: Mes | C3: Desc. Prov. | D3: Categoría | E3: Codigo | F3: Suma de Cantidad | G3: FECHA | L3: 271816 | M3: BOCANEGRA MARIA ELENA
A4: =+CONCATENATE(C4,E4,B4) -> -REF LN FM BTA 1ENERO | B4: ENERO | C4: - | D4: BEBITA | E4: REF LN FM BTA 1 | F4: 703 | L4: 296854 | M4: BRIO IN SAS
A5: =+CONCATENATE(C5,E5,B5) -> -REF LN FM BTA 10ENERO | B5: ENERO | C5: - | D5: BEBITA | E5: REF LN FM BTA 10 | F5: 122 | L5: 269722 | M5: CALCETERIA JCL LTDA
A6: =+CONCATENATE(C6,E6,B6) -> -REF LN FM BTA 11ENERO | B6: ENERO | C6: - | D6: BEBITA | E6: REF LN FM BTA 11 | F6: 91 | L6: 265228 | M6: CONSUELO DEL ZULUAGA RAMIREZ
A7: =+CONCATENATE(C7,E7,B7) -> -REF LN FM BTA 12ENERO | B7: ENERO | C7: - | D7: BEBITA | E7: REF LN FM BTA 12 | F7: 175 | L7: 249981 | M7: CONSUELO DEL ZULUAGA RAMIREZ
A8: =+CONCATENATE(C8,E8,B8) -> -REF LN FM BTA 13ENERO | B8: ENERO | C8: - | D8: BEBITA | E8: REF LN FM BTA 13 | F8: 268 | L8: 249982 | M8: CONSUELO DEL ZULUAGA RAMIREZ
A9: =+CONCATENATE(C9,E9,B9) -> -REF LN FM BTA 14ENERO | B9: ENERO | C9: - | D9: BEBITA | E9: REF LN FM BTA 14 | F9: 321 | L9: 270242 | M9: CONSUELO DEL ZULUAGA RAMIREZ
A10: =+CONCATENATE(C10,E10,B10) -> -REF LN FM BTA 15ENERO | B10: ENERO | C10: - | D10: BEBITA | E10: REF LN FM BTA 15 | F10: 487 | L10: 272038 | M10: CONSUELO DEL ZULUAGA RAMIREZ
A11: =+CONCATENATE(C11,E11,B11) -> -REF LN FM BTA 16ENERO | B11: ENERO | C11: - | D11: BEBITA | E11: REF LN FM BTA 16 | F11: 164 | L11: 272035 | M11: CONSUELO DEL ZULUAGA RAMIREZ
A12: =+CONCATENATE(C12,E12,B12) -> -REF LN FM BTA 17ENERO | B12: ENERO | C12: - | D12: BEBITA | E12: REF LN FM BTA 17 | F12: 146 | L12: 272036 | M12: CONSUELO DEL ZULUAGA RAMIREZ
A13: =+CONCATENATE(C13,E13,B13) -> -REF LN FM BTA 18ENERO | B13: ENERO | C13: - | D13: BEBITA | E13: REF LN FM BTA 18 | F13: 398 | L13: 272037 | M13: CONSUELO DEL ZULUAGA RAMIREZ
A14: =+CONCATENATE(C14,E14,B14) -> -REF LN FM BTA 19ENERO | B14: ENERO | C14: - | D14: BEBITA | E14: REF LN FM BTA 19 | F14: 398 | L14: 291133 | M14: CREACIONES DURATEX S.A.S.
A15: =+CONCATENATE(C15,E15,B15) -> -REF LN FM BTA 2ENERO | B15: ENERO | C15: - | D15: BEBITA | E15: REF LN FM BTA 2 | F15: 702 | L15: 294701 | M15: CREACIONES DURATEX S.A.S.
... A36: =+CONCATENATE(C36,E36,B36) -> -REF PDP FM BTA 7ENERO | B36: ENERO | C36: - | D36: BEBITA | E36: REF PDP FM BTA 7 | F36: 521 | L36: 294380 | M36: GRUPO SAKA SAS
A37: =+CONCATENATE(C37,E37,B37) -> ALZATE GIRALDO ANGELA MARIBEL Y/O ALZATE GRIRALDO GABRIELA ORFANY269539ENERO | B37: ENERO | C37: ALZATE GIRALDO ANGELA MARIBEL Y/O ALZATE GRIRALDO GABRIELA ORFANY | D37: BEBITA | E37: 269539 | F37: 212 | G37: 45302 | L37: 242516 | M37: INVERSIONES ACEVEDO CORTES SAS
A38: =+CONCATENATE(C38,E38,B38) -> ALZATE GIRALDO ANGELA MARIBEL Y/O ALZATE GRIRALDO GABRIELA ORFANY309253ENERO | B38: ENERO | C38: ALZATE GIRALDO ANGELA MARIBEL Y/O ALZATE GRIRALDO GABRIELA ORFANY | D38: BEBITA | E38: 309253 | F38: 37 | G38: 45302 | L38: 242518 | M38: INVERSIONES ACEVEDO CORTES SAS
A39: =+CONCATENATE(C39,E39,B39) -> CONFETEX DE COLOMBIA SASREF PDP 1T3ENERO | B39: ENERO | C39: CONFETEX DE COLOMBIA SAS | D39: BEBITA | E39: REF PDP 1T3 | F39: 93 | G39: 45303 | L39: 181203 | M39: TERESA DEL BETANCUR BETANCUR
A40: =+CONCATENATE(C40,E40,B40) -> CONFETEX DE COLOMBIA SASREF PDP 1T4ENERO | B40: ENERO | C40: CONFETEX DE COLOMBIA SAS | D40: BEBITA | E40: REF PDP 1T4 | F40: 604 | G40: 45303 | L40: 271933 | M40: TERESA DEL BETANCUR BETANCUR
A41: =+CONCATENATE(C41,E41,B41) -> CONFETEX DE COLOMBIA SASREF PDP 1T5ENERO | B41: ENERO | C41: CONFETEX DE COLOMBIA SAS | D41: BEBITA | E41: REF PDP 1T5 | F41: 477 | G41: 45303
A42: =+CONCATENATE(C42,E42,B42) -> CONFETEX DE COLOMBIA SASREF PDP 1T6ENERO | B42: ENERO | C42: CONFETEX DE COLOMBIA SAS | D42: BEBITA | E42: REF PDP 1T6 | F42: 289 | G42: 45303
A43: =+CONCATENATE(C43,E43,B43) -> CONFETEX DE COLOMBIA SASREF PDP 1T7ENERO | B43: ENERO | C43: CONFETEX DE COLOMBIA SAS | D43: BEBITA | E43: REF PDP 1T7 | F43: 860 | G43: 45303
A44: =+CONCATENATE(C44,E44,B44) -> FOR BABYS -INFORKIDS311375ENERO | B44: ENERO | C44: FOR BABYS -INFORKIDS | D44: BEBITA | E44: 311375 | F44: 34 | G44: 45306
A45: =+CONCATENATE(C45,E45,B45) -> FOR BABYS -INFORKIDS311377ENERO | B45: ENERO | C45: FOR BABYS -INFORKIDS | D45: BEBITA | E45: 311377 | F45: 225 | G45: 45306
A46: =+CONCATENATE(C46,E46,B46) -> FOR BABYS -INFORKIDS311379ENERO | B46: ENERO | C46: FOR BABYS -INFORKIDS | D46: BEBITA | E46: 311379 | F46: 14 | G46: 45306
A47: =+CONCATENATE(C47,E47,B47) -> GONZALES COLMENARES RICHARD PASTOR311713ENERO | B47: ENERO | C47: GONZALES COLMENARES RICHARD PASTOR | D47: BEBITA | E47: 311713 | F47: 262 | G47: 45306
A48: =+CONCATENATE(C48,E48,B48) -> INDUSTRIAS CHICCO SAS301995ENERO | B48: ENERO | C48: INDUSTRIAS CHICCO SAS | D48: BEBITA | E48: 301995 | F48: 987 | G48: 45307
A49: =+CONCATENATE(C49,E49,B49) -> INDUSTRIAS CHICCO SAS305544ENERO | B49: ENERO | C49: INDUSTRIAS CHICCO SAS | D49: BEBITA | E49: 305544 | F49: 409 | G49: 45307
A50: =+CONCATENATE(C50,E50,B50) -> INFORKIDS302288ENERO | B50: ENERO | C50: INFORKIDS | D50: BEBITA | E50: 302288 | F50: 26 | G50: 45308
A51: =+CONCATENATE(C51,E51,B51) -> INFORKIDS311633ENERO | B51: ENERO | C51: INFORKIDS | D51: BEBITA | E51: 311633 | F51: 79 | G51: 45308
A52: =+CONCATENATE(C52,E52,B52) -> INFORKIDS311636ENERO | B52: ENERO | C52: INFORKIDS | D52: BEBITA | E52: 311636 | F52: 118 | G52: 45308
A53: =+CONCATENATE(C53,E53,B53) -> INFORKIDS311637ENERO | B53: ENERO | C53: INFORKIDS | D53: BEBITA | E53: 311637 | F53: 55 | G53: 45308
A54: =+CONCATENATE(C54,E54,B54) -> INFORKIDS311638ENERO | B54: ENERO | C54: INFORKIDS | D54: BEBITA | E54: 311638 | F54: 45 | G54: 45308
A55: =+CONCATENATE(C55,E55,B55) -> INFORKIDS311639ENERO | B55: ENERO | C55: INFORKIDS | D55: BEBITA | E55: 311639 | F55: 97 | G55: 45308
... A60: =+CONCATENATE(C60,E60,B60) -> TEJIDOS Y CONFECCIONES GERPAR S.A (EN CONSIGNACION)311946ENERO | B60: ENERO | C60: TEJIDOS Y CONFECCIONES GERPAR S.A (EN CONSIGNACION) | D60: BEBITA | E60: 311946 | F60: 19 | G60: 45309

Sheet Febrero
B3: CATEGORÍAS | C3: Sem 5 | D3: Sem 6 | E3: Sem 7 | F3: Sem 8 | G3: Sem 9 | H3: TOTAL
B4: MUJER | C4: =SUM(C13:D13) -> 6764 | D4: =SUM(E13:I13) -> 33024 | E4: =SUM(J13:N13) -> 33050 | F4: =SUM(O13:S13) -> 20497 | H4: =+SUM(C4:G4) -> 93335
B5: INTERIOR | C5: =SUM(C14:D14) -> 19098 | D5: =SUM(E14:I14) -> 36294 | E5: =SUM(J14:N14) -> 63838 | F5: =SUM(O14:S14) -> 143219 | H5: =+SUM(C5:G5) -> 262449
B6: HOMBRE | C6: =SUM(C15:D15) -> 447 | D6: =SUM(E15:I15) -> 10321 | E6: =SUM(J15:N15) -> 8516 | F6: =SUM(O15:S15) -> 11540 | H6: =+SUM(C6:G6) -> 30824
B7: INFANTIL | C7: =SUM(C16:D16) -> 3570 | D7: =SUM(E16:I16) -> 19733 | E7: =SUM(J16:N16) -> 12372 | F7: =SUM(O16:S16) -> 23976 | H7: =+SUM(C7:G7) -> 59651
B8: HOGAR Y COMPLEMENTOS | C8: =SUM(C17:D17) -> 2744 | D8: =SUM(E17:I17) -> 8610 | E8: =SUM(J17:N17) -> 4987 | F8: =SUM(O17:S17) -> 31868 | H8: =+SUM(C8:G8) -> 48209
B9: TOTAL | C9: =SUM(C4:C8) -> 32623 | D9: =SUM(D4:D8) -> 107982 | E9: =SUM(E4:E8) -> 122763 | F9: =SUM(F4:F8) -> 231100 | G9: =SUM(G4:G8) -> 0 | H9: =SUM(C9:G9) -> 494468
B11: TIENDAS | C11: Jueves | D11: Viernes | E11: Lunes | F11: Martes | G11: Miércoles | H11: Jueves | I11: Viernes | J11: Lunes | K11: Martes | L11: Miércoles | M11: Jueves | N11: Viernes | O11: Lunes | P11: Martes | Q11: Miércoles | R11: Jueves | S11: Viernes | T11: Lunes
B12: CATEGORÍAS | C12: 45323 | D12: 45324 | E12: 45327 | F12: 45328 | G12: 45329 | H12: 45330 | I12: 45331 | J12: 45334 | K12: 45335 | L12: 45336 | M12: 45337 | N12: 45338 | O12: 45341 | P12: 45342 | Q12: 45343 | R12: 45344 | S12: 45345 | U12: - | V12: - | W12: TOTAL
B13: MUJER | C13: =SUMIFS(Consolidado!$J:$J,Consolidado!$T:$T,Febrero!$B13,Consolidado!$L:$L,Febrero!C$21,Consolidado!$Q:$Q,Febrero!$B$11)+C22 -> 1728 | D13: =SUMIFS(Consolidado!$J:$J,Consolidado!$T:$T,Febrero!$B13,Consolidado!$L:$L,Febrero!D$21,Consolidado!$Q:$Q,Febrero!$B$11)+D22 -> 5036 | E13: =SUMIFS(Consolidado!$J:$J,Consolidado!$T:$T,Febrero!$B13,Consolidado!$L:$L,Febrero!E$21,Consolidado!$Q:$Q,Febrero!$B$11)+E22 -> 5413 | F13: =SUMIFS(Consolidado!$J:$J,Consolidado!$T:$T,Febrero!$B13,Consolidado!$L:$L,Febrero!F$21,Consolidado!$Q:$Q,Febrero!$B$11)+F22 -> 344 | G13: =SUMIFS(Consolidado!$J:$J,Consolidado!$T:$T,Febrero!$B13,Consolidado!$L:$L,Febrero!G$21,Consolidado!$Q:$Q,Febrero!$B$11)+G22 -> 7894 | H13: =SUMIFS(Consolidado!$J:$J,Consolidado!$T:$T,Febrero!$B13,Consolidado!$L:$L,Febrero!H$21,Consolidado!$Q:$Q,Febrero!$B$11)+H22 -> 13627 | I13: =SUMIFS(Consolidado!$J:$J,Consolidado!$T:$T,Febrero!$B13,Consolidado!$L:$L,Febrero!I$21,Consolidado!$Q:$Q,Febrero!$B$11)+I22 -> 5746 | J13: =SUMIFS(Consolidado!$J:$J,Consolidado!$T:$T,Febrero!$B13,Consolidado!$L:$L,Febrero!J$21,Consolidado!$Q:$Q,Febrero!$B$11)+J22 -> 7962 | ... S13: =SUMIFS(Consolidado!$J:$J,Consolidado!$T:$T,Febrero!$B13,Consolidado!$L:$L,Febrero!S$21,Consolidado!$Q:$Q,Febrero!$B$11)+S22 -> 5296 | U13: =SUMIFS(Consolidado!$J:$J,Consolidado!$T:$T,Febrero!$B13,Consolidado!$L:$L,Febrero!U$21,Consolidado!$Q:$Q,Febrero!$B$11)+U22 -> 0 | V13: =SUMIFS(Consolidado!$J:$J,Consolidado!$T:$T,Febrero!$B13,Consolidado!$L:$L,Febrero!V$21,Consolidado!$Q:$Q,Febrero!$B$11)+V22 -> 0 | W13: =+SUM(C13:V13) -> 93335
B14: INTERIOR | C14: =SUMIFS(Consolidado!$J:$J,Consolidado!$T:$T,Febrero!$B14,Consolidado!$L:$L,Febrero!C$21,Consolidado!$Q:$Q,Febrero!$B$11)+SUM(C23:C27) -> 19098 | D14: =SUMIFS(Consolidado!$J:$J,Consolidado!$T:$T,Febrero!$B14,Consolidado!$L:$L,Febrero!D$21,Consolidado!$Q:$Q,Febrero!$B$11)+SUM(D23:D27) -> 0 | E14: =SUMIFS(Consolidado!$J:$J,Consolidado!$T:$T,Febrero!$B14,Consolidado!$L:$L,Febrero!E$21,Consolidado!$Q:$Q,Febrero!$B$11)+SUM(E23:E27) -> 5674 | F14: =SUMIFS(Consolidado!$J:$J,Consolidado!$T:$T,Febrero!$B14,Consolidado!$L:$L,Febrero!F$21,Consolidado!$Q:$Q,Febrero!$B$11)+SUM(F23:F27) -> 10619 | G14: =SUMIFS(Consolidado!$J:$J,Consolidado!$T:$T,Febrero!$B14,Consolidado!$L:$L,Febrero!G$21,Consolidado!$Q:$Q,Febrero!$B$11)+SUM(G23:G27) -> 3179 | H14: =SUMIFS(Consolidado!$J:$J,Consolidado!$T:$T,Febrero!$B14,Consolidado!$L:$L,Febrero!H$21,Consolidado!$Q:$Q,Febrero!$B$11)+SUM(H23:H27) -> 5553 | I14: =SUMIFS(Consolidado!$J:$J,Consolidado!$T:$T,Febrero!$B14,Consolidado!$L:$L,Febrero!I$21,Consolidado!$Q:$Q,Febrero!$B$11)+SUM(I23:I27) -> 11269 | J14: =SUMIFS(Consolidado!$J:$J,Consolidado!$T:$T,Febrero!$B14,Consolidado!$L:$L,Febrero!J$21,Consolidado!$Q:$Q,Febrero!$B$11)+SUM(J23:J27) -> 9623 | ... S14: =SUMIFS(Consolidado!$J:$J,Consolidado!$T:$T,Febrero!$B14,Consolidado!$L:$L,Febrero!S$21,Consolidado!$Q:$Q,Febrero!$B$11)+SUM(S23:S27) -> 76131 | U14: =SUMIFS(Consolidado!$J:$J,Consolidado!$T:$T,Febrero!$B14,Consolidado!$L:$L,Febrero!U$21,Consolidado!$Q:$Q,Febrero!$B$11)+SUM(U23:U27) -> 0 | V14: =SUMIFS(Consolidado!$J:$J,Consolidado!$T:$T,Febrero!$B14,Consolidado!$L:$L,Febrero!V$21,Consolidado!$Q:$Q,Febrero!$B$11)+SUM(V23:V27) -> 0 | W14: =+SUM(C14:V14) -> 262449
B15: HOMBRE | C15: =SUMIFS(Consolidado!$J:$J,Consolidado!$T:$T,Febrero!$B15,Consolidado!$L:$L,Febrero!C$21,Consolidado!$Q:$Q,Febrero!$B$11)+C28 -> 104 | D15: =SUMIFS(Consolidado!$J:$J,Consolidado!$T:$T,Febrero!$B15,Consolidado!$L:$L,Febrero!D$21,Consolidado!$Q:$Q,Febrero!$B$11)+D28 -> 343 | E15: =SUMIFS(Consolidado!$J:$J,Consolidado!$T:$T,Febrero!$B15,Consolidado!$L:$L,Febrero!E$21,Consolidado!$Q:$Q,Febrero!$B$11)+E28 -> 0 | F15: =SUMIFS(Consolidado!$J:$J,Consolidado!$T:$T,Febrero!$B15,Consolidado!$L:$L,Febrero!F$21,Consolidado!$Q:$Q,Febrero!$B$11)+F28 -> 732 | G15: =SUMIFS(Consolidado!$J:$J,Consolidado!$T:$T,Febrero!$B15,Consolidado!$L:$L,Febrero!G$21,Consolidado!$Q:$Q,Febrero!$B$11)+G28 -> 916 | H15: =SUMIFS(Consolidado!$J:$J,Consolidado!$T:$T,Febrero!$B15,Consolidado!$L:$L,Febrero!H$21,Consolidado!$Q:$Q,Febrero!$B$11)+H28 -> 4111 | I15: =SUMIFS(Consolidado!$J:$J,Consolidado!$T:$T,Febrero!$B15,Consolidado!$L:$L,Febrero!I$21,Consolidado!$Q:$Q,Febrero!$B$11)+I28 -> 4562 | J15: =SUMIFS(Consolidado!$J:$J,Consolidado!$T:$T,Febrero!$B15,Consolidado!$L:$L,Febrero!J$21,Consolidado!$Q:$Q,Febrero!$B$11)+J28 -> 197 | ... S15: =SUMIFS(Consolidado!$J:$J,Consolidado!$T:$T,Febrero!$B15,Consolidado!$L:$L,Febrero!S$21,Consolidado!$Q:$Q,Febrero!$B$11)+S28 -> 4527 | U15: =SUMIFS(Consolidado!$J:$J,Consolidado!$T:$T,Febrero!$B15,Consolidado!$L:$L,Febrero!U$21,Consolidado!$Q:$Q,Febrero!$B$11)+U28 -> 0 | V15: =SUMIFS(Consolidado!$J:$J,Consolidado!$T:$T,Febrero!$B15,Consolidado!$L:$L,Febrero!V$21,Consolidado!$Q:$Q,Febrero!$B$11)+V28 -> 0 | W15: =+SUM(C15:V15) -> 30824
B16: INFANTIL | C16: =SUMIFS(Consolidado!$J:$J,Consolidado!$T:$T,Febrero!$B16,Consolidado!$L:$L,Febrero!C$21,Consolidado!$Q:$Q,Febrero!$B$11)+SUM(C29:C32) -> 2643 | D16: =SUMIFS(Consolidado!$J:$J,Consolidado!$T:$T,Febrero!$B16,Consolidado!$L:$L,Febrero!D$21,Consolidado!$Q:$Q,Febrero!$B$11)+SUM(D29:D32) -> 927 | E16: =SUMIFS(Consolidado!$J:$J,Consolidado!$T:$T,Febrero!$B16,Consolidado!$L:$L,Febrero!E$21,Consolidado!$Q:$Q,Febrero!$B$11)+SUM(E29:E32) -> 900 | F16: =SUMIFS(Consolidado!$J:$J,Consolidado!$T:$T,Febrero!$B16,Consolidado!$L:$L,Febrero!F$21,Consolidado!$Q:$Q,Febrero!$B$11)+SUM(F29:F32) -> 7686 | G16: =SUMIFS(Consolidado!$J:$J,Consolidado!$T:$T,Febrero!$B16,Consolidado!$L:$L,Febrero!G$21,Consolidado!$Q:$Q,Febrero!$B$11)+SUM(G29:G32) -> 3880 | H16: =SUMIFS(Consolidado!$J:$J,Consolidado!$T:$T,Febrero!$B16,Consolidado!$L:$L,Febrero!H$21,Consolidado!$Q:$Q,Febrero!$B$11)+SUM(H29:H32) -> 3075 | I16: =SUMIFS(Consolidado!$J:$J,Consolidado!$T:$T,Febrero!$B16,Consolidado!$L:$L,Febrero!I$21,Consolidado!$Q:$Q,Febrero!$B$11)+SUM(I29:I32) -> 4192 | J16: =SUMIFS(Consolidado!$J:$J,Consolidado!$T:$T,Febrero!$B16,Consolidado!$L:$L,Febrero!J$21,Consolidado!$Q:$Q,Febrero!$B$11)+SUM(J29:J32) -> 1538 | ... S16: =SUMIFS(Consolidado!$J:$J,Consolidado!$T:$T,Febrero!$B16,Consolidado!$L:$L,Febrero!S$21,Consolidado!$Q:$Q,Febrero!$B$11)+SUM(S29:S32) -> 5303 | U16: =SUMIFS(Consolidado!$J:$J,Consolidado!$T:$T,Febrero!$B16,Consolidado!$L:$L,Febrero!U$21,Consolidado!$Q:$Q,Febrero!$B$11)+SUM(U29:U32) -> 0 | V16: =SUMIFS(Consolidado!$J:$J,Consolidado!$T:$T,Febrero!$B16,Consolidado!$L:$L,Febrero!V$21,Consolidado!$Q:$Q,Febrero!$B$11)+SUM(V29:V32) -> 0 | W16: =+SUM(C16:V16) -> 59651
B17: HOGAR Y COMPLEMENTOS | C17: =SUMIFS(Consolidado!$J:$J,Consolidado!$T:$T,Febrero!$B17,Consolidado!$L:$L,Febrero!C$21,Consolidado!$Q:$Q,Febrero!$B$11)+SUM(C33:C35) -> 2744 | D17: =SUMIFS(Consolidado!$J:$J,Consolidado!$T:$T,Febrero!$B17,Consolidado!$L:$L,Febrero!D$21,Consolidado!$Q:$Q,Febrero!$B$11)+SUM(D33:D35) -> 0 | E17: =SUMIFS(Consolidado!$J:$J,Consolidado!$T:$T,Febrero!$B17,Consolidado!$L:$L,Febrero!E$21,Consolidado!$Q:$Q,Febrero!$B$11)+SUM(E33:E35) -> 4800 | F17: =SUMIFS(Consolidado!$J:$J,Consolidado!$T:$T,Febrero!$B17,Consolidado!$L:$L,Febrero!F$21,Consolidado!$Q:$Q,Febrero!$B$11)+SUM(F33:F35) -> 0 | G17: =SUMIFS(Consolidado!$J:$J,Consolidado!$T:$T,Febrero!$B17,Consolidado!$L:$L,Febrero!G$21,Consolidado!$Q:$Q,Febrero!$B$11)+SUM(G33:G35) -> 1194 | H17: =SUMIFS(Consolidado!$J:$J,Consolidado!$T:$T,Febrero!$B17,Consolidado!$L:$L,Febrero!H$21,Consolidado!$Q:$Q,Febrero!$B$11)+SUM(H33:H35) -> 2340 | I17: =SUMIFS(Consolidado!$J:$J,Consolidado!$T:$T,Febrero!$B17,Consolidado!$L:$L,Febrero!I$21,Consolidado!$Q:$Q,Febrero!$B$11)+SUM(I33:I35) -> 276 | J17: =SUMIFS(Consolidado!$J:$J,Consolidado!$T:$T,Febrero!$B17,Consolidado!$L:$L,Febrero!J$21,Consolidado!$Q:$Q,Febrero!$B$11)+SUM(J33:J35) -> 4987 | ... S17: =SUMIFS(Consolidado!$J:$J,Consolidado!$T:$T,Febrero!$B17,Consolidado!$L:$L,Febrero!S$21,Consolidado!$Q:$Q,Febrero!$B$11)+SUM(S33:S35) -> 31868 | U17: =SUMIFS(Consolidado!$J:$J,Consolidado!$T:$T,Febrero!$B17,Consolidado!$L:$L,Febrero!U$21,Consolidado!$Q:$Q,Febrero!$B$11)+SUM(U33:U35) -> 0 | V17: =SUMIFS(Consolidado!$J:$J,Consolidado!$T:$T,Febrero!$B17,Consolidado!$L:$L,Febrero!V$21,Consolidado!$Q:$Q,Febrero!$B$11)+SUM(V33:V35) -> 0 | W17: =+SUM(C17:V17) -> 48209
B18: TOTAL | C18: =SUM(C13:C17) -> 26317 | D18: =SUM(D13:D17) -> 6306 | E18: =SUM(E13:E17) -> 16787 | F18: =SUM(F13:F17) -> 19381 | G18: =SUM(G13:G17) -> 17063 | H18: =SUM(H13:H17) -> 28706 | I18: =SUM(I13:I17) -> 26045 | J18: =SUM(J13:J17) -> 24307 | ... V18: =SUM(V13:V17) -> 0 | W18: =+SUM(C18:V18) -> 494468
B20: CEDI
B21: SUBCATEGORÍAS | C21: =+C12 -> 45323 | D21: =+D12 -> 45324 | E21: =+E12 -> 45327 | F21: =+F12 -> 45328 | G21: =+G12 -> 45329 | H21: =+H12 -> 45330 | I21: =+I12 -> 45331 | J21: =+J12 -> 45334 | ... S21: =+S12 -> 45345 | U21: =+U12 -> - | V21: =+V12 -> - | W21: TOTAL | X21: PPTO MES | Y21: DIF
B22: MUJER | C22: =SUMIFS(Consolidado!$J:$J,Consolidado!$B:$B,Febrero!$B22,Consolidado!$L:$L,Febrero!C$21,Consolidado!$Q:$Q,Febrero!$B$20) -> 1728 | D22: =SUMIFS(Consolidado!$J:$J,Consolidado!$B:$B,Febrero!$B22,Consolidado!$L:$L,Febrero!D$21,Consolidado!$Q:$Q,Febrero!$B$20) -> 5036 | E22: =SUMIFS(Consolidado!$J:$J,Consolidado!$B:$B,Febrero!$B22,Consolidado!$L:$L,Febrero!E$21,Consolidado!$Q:$Q,Febrero!$B$20) -> 5413 | F22: =SUMIFS(Consolidado!$J:$J,Consolidado!$B:$B,Febrero!$B22,Consolidado!$L:$L,Febrero!F$21,Consolidado!$Q:$Q,Febrero!$B$20) -> 344 | G22: =SUMIFS(Consolidado!$J:$J,Consolidado!$B:$B,Febrero!$B22,Consolidado!$L:$L,Febrero!G$21,Consolidado!$Q:$Q,Febrero!$B$20) -> 7894 | H22: =SUMIFS(Consolidado!$J:$J,Consolidado!$B:$B,Febrero!$B22,Consolidado!$L:$L,Febrero!H$21,Consolidado!$Q:$Q,Febrero!$B$20) -> 13627 | I22: =SUMIFS(Consolidado!$J:$J,Consolidado!$B:$B,Febrero!$B22,Consolidado!$L:$L,Febrero!I$21,Consolidado!$Q:$Q,Febrero!$B$20) -> 5746 | J22: =SUMIFS(Consolidado!$J:$J,Consolidado!$B:$B,Febrero!$B22,Consolidado!$L:$L,Febrero!J$21,Consolidado!$Q:$Q,Febrero!$B$20) -> 7962 | ... S22: =SUMIFS(Consolidado!$J:$J,Consolidado!$B:$B,Febrero!$B22,Consolidado!$L:$L,Febrero!S$21,Consolidado!$Q:$Q,Febrero!$B$20) -> 5296 | U22: =SUMIFS(Consolidado!$J:$J,Consolidado!$B:$B,Febrero!$B22,Consolidado!$L:$L,Febrero!U$21,Consolidado!$Q:$Q,Febrero!$B$20) -> 0 | V22: =SUMIFS(Consolidado!$J:$J,Consolidado!$B:$B,Febrero!$B22,Consolidado!$L:$L,Febrero!V$21,Consolidado!$Q:$Q,Febrero!$B$20) -> 0 | W22: =+SUM(C22:V22) -> 93335
B23: INT MUJER | C23: =SUMIFS(Consolidado!$J:$J,Consolidado!$B:$B,Febrero!$B23,Consolidado!$L:$L,Febrero!C$21,Consolidado!$Q:$Q,Febrero!$B$20) -> 1407 | D23: =SUMIFS(Consolidado!$J:$J,Consolidado!$B:$B,Febrero!$B23,Consolidado!$L:$L,Febrero!D$21,Consolidado!$Q:$Q,Febrero!$B$20) -> 0 | E23: =SUMIFS(Consolidado!$J:$J,Consolidado!$B:$B,Febrero!$B23,Consolidado!$L:$L,Febrero!E$21,Consolidado!$Q:$Q,Febrero!$B$20) -> 2380 | F23: =SUMIFS(Consolidado!$J:$J,Consolidado!$B:$B,Febrero!$B23,Consolidado!$L:$L,Febrero!F$21,Consolidado!$Q:$Q,Febrero!$B$20) -> 4632 | G23: =SUMIFS(Consolidado!$J:$J,Consolidado!$B:$B,Febrero!$B23,Consolidado!$L:$L,Febrero!G$21,Consolidado!$Q:$Q,Febrero!$B$20) -> 2445 | H23: =SUMIFS(Consolidado!$J:$J,Consolidado!$B:$B,Febrero!$B23,Consolidado!$L:$L,Febrero!H$21,Consolidado!$Q:$Q,Febrero!$B$20) -> 3232 | I23: =SUMIFS(Consolidado!$J:$J,Consolidado!$B:$B,Febrero!$B23,Consolidado!$L:$L,Febrero!I$21,Consolidado!$Q:$Q,Febrero!$B$20) -> 354 | J23: =SUMIFS(Consolidado!$J:$J,Consolidado!$B:$B,Febrero!$B23,Consolidado!$L:$L,Febrero!J$21,Consolidado!$Q:$Q,Febrero!$B$20) -> 1628 | ... S23: =SUMIFS(Consolidado!$J:$J,Consolidado!$B:$B,Febrero!$B23,Consolidado!$L:$L,Febrero!S$21,Consolidado!$Q:$Q,Febrero!$B$20) -> 14242 | U23: =SUMIFS(Consolidado!$J:$J,Consolidado!$B:$B,Febrero!$B23,Consolidado!$L:$L,Febrero!U$21,Consolidado!$Q:$Q,Febrero!$B$20) -> 0 | V23: =SUMIFS(Consolidado!$J:$J,Consolidado!$B:$B,Febrero!$B23,Consolidado!$L:$L,Febrero!V$21,Consolidado!$Q:$Q,Febrero!$B$20) -> 0 | W23: =+SUM(C23:V23) -> 70751
B24: INT HOMBRE | C24: =SUMIFS(Consolidado!$J:$J,Consolidado!$B:$B,Febrero!$B24,Consolidado!$L:$L,Febrero!C$21,Consolidado!$Q:$Q,Febrero!$B$20) -> 14997 | D24: =SUMIFS(Consolidado!$J:$J,Consolidado!$B:$B,Febrero!$B24,Consolidado!$L:$L,Febrero!D$21,Consolidado!$Q:$Q,Febrero!$B$20) -> 0 | E24: =SUMIFS(Consolidado!$J:$J,Consolidado!$B:$B,Febrero!$B24,Consolidado!$L:$L,Febrero!E$21,Consolidado!$Q:$Q,Febrero!$B$20) -> 0 | F24: =SUMIFS(Consolidado!$J:$J,Consolidado!$B:$B,Febrero!$B24,Consolidado!$L:$L,Febrero!F$21,Consolidado!$Q:$Q,Febrero!$B$20) -> 1910 | G24: =SUMIFS(Consolidado!$J:$J,Consolidado!$B:$B,Febrero!$B24,Consolidado!$L:$L,Febrero!G$21,Consolidado!$Q:$Q,Febrero!$B$20) -> 734 | H24: =SUMIFS(Consolidado!$J:$J,Consolidado!$B:$B,Febrero!$B24,Consolidado!$L:$L,Febrero!H$21,Consolidado!$Q:$Q,Febrero!$B$20) -> 0 | I24: =SUMIFS(Consolidado!$J:$J,Consolidado!$B:$B,Febrero!$B24,Consolidado!$L:$L,Febrero!I$21,Consolidado!$Q:$Q,Febrero!$B$20) -> 1204 | J24: =SUMIFS(Consolidado!$J:$J,Consolidado!$B:$B,Febrero!$B24,Consolidado!$L:$L,Febrero!J$21,Consolidado!$Q:$Q,Febrero!$B$20) -> 3915 | ... S24: =SUMIFS(Consolidado!$J:$J,Consolidado!$B:$B,Febrero!$B24,Consolidado!$L:$L,Febrero!S$21,Consolidado!$Q:$Q,Febrero!$B$20) -> 12685 | U24: =SUMIFS(Consolidado!$J:$J,Consolidado!$B:$B,Febrero!$B24,Consolidado!$L:$L,Febrero!U$21,Consolidado!$Q:$Q,Febrero!$B$20) -> 0 | V24: =SUMIFS(Consolidado!$J:$J,Consolidado!$B:$B,Febrero!$B24,Consolidado!$L:$L,Febrero!V$21,Consolidado!$Q:$Q,Febrero!$B$20) -> 0 | W24: =+SUM(C24:V24) -> 82850
B25: INT NINA | C25: =SUMIFS(Consolidado!$J:$J,Consolidado!$B:$B,Febrero!$B25,Consolidado!$L:$L,Febrero!C$21,Consolidado!$Q:$Q,Febrero!$B$20) -> 828 | D25: =SUMIFS(Consolidado!$J:$J,Consolidado!$B:$B,Febrero!$B25,Consolidado!$L:$L,Febrero!D$21,Consolidado!$Q:$Q,Febrero!$B$20) -> 0 | E25: =SUMIFS(Consolidado!$J:$J,Consolidado!$B:$B,Febrero!$B25,Consolidado!$L:$L,Febrero!E$21,Consolidado!$Q:$Q,Febrero!$B$20) -> 3294 | F25: =SUMIFS(Consolidado!$J:$J,Consolidado!$B:$B,Febrero!$B25,Consolidado!$L:$L,Febrero!F$21,Consolidado!$Q:$Q,Febrero!$B$20) -> 2938 | G25: =SUMIFS(Consolidado!$J:$J,Consolidado!$B:$B,Febrero!$B25,Consolidado!$L:$L,Febrero!G$21,Consolidado!$Q:$Q,Febrero!$B$20) -> 0 | H25: =SUMIFS(Consolidado!$J:$J,Consolidado!$B:$B,Febrero!$B25,Consolidado!$L:$L,Febrero!H$21,Consolidado!$Q:$Q,Febrero!$B$20) -> 978 | I25: =SUMIFS(Consolidado!$J:$J,Consolidado!$B:$B,Febrero!$B25,Consolidado!$L:$L,Febrero!I$21,Consolidado!$Q:$Q,Febrero!$B$20) -> 4974 | J25: =SUMIFS(Consolidado!$J:$J,Consolidado!$B:$B,Febrero!$B25,Consolidado!$L:$L,Febrero!J$21,Consolidado!$Q:$Q,Febrero!$B$20) -> 2244 | ... S25: =SUMIFS(Consolidado!$J:$J,Consolidado!$B:$B,Febrero!$B25,Consolidado!$L:$L,Febrero!S$21,Consolidado!$Q:$Q,Febrero!$B$20) -> 348 | U25: =SUMIFS(Consolidado!$J:$J,Consolidado!$B:$B,Febrero!$B25,Consolidado!$L:$L,Febrero!U$21,Consolidado!$Q:$Q,Febrero!$B$20) -> 0 | V25: =SUMIFS(Consolidado!$J:$J,Consolidado!$B:$B,Febrero!$B25,Consolidado!$L:$L,Febrero!V$21,Consolidado!$Q:$Q,Febrero!$B$20) -> 0 | W25: =+SUM(C25:V25) -> 30655
B26: INT NINO | C26: =SUMIFS(Consolidado!$J:$J,Consolidado!$B:$B,Febrero!$B26,Consolidado!$L:$L,Febrero!C$21,Consolidado!$Q:$Q,Febrero!$B$20) -> 1866 | D26: =SUMIFS(Consolidado!$J:$J,Consolidado!$B:$B,Febrero!$B26,Consolidado!$L:$L,Febrero!D$21,Consolidado!$Q:$Q,Febrero!$B$20) -> 0 | E26: =SUMIFS(Consolidado!$J:$J,Consolidado!$B:$B,Febrero!$B26,Consolidado!$L:$L,Febrero!E$21,Consolidado!$Q:$Q,Febrero!$B$20) -> 0 | F26: =SUMIFS(Consolidado!$J:$J,Consolidado!$B:$B,Febrero!$B26,Consolidado!$L:$L,Febrero!F$21,Consolidado!$Q:$Q,Febrero!$B$20) -> 1139 | G26: =SUMIFS(Consolidado!$J:$J,Consolidado!$B:$B,Febrero!$B26,Consolidado!$L:$L,Febrero!G$21,Consolidado!$Q:$Q,Febrero!$B$20) -> 0 | H26: =SUMIFS(Consolidado!$J:$J,Consolidado!$B:$B,Febrero!$B26,Consolidado!$L:$L,Febrero!H$21,Consolidado!$Q:$Q,Febrero!$B$20) -> 1343 | I26: =SUMIFS(Consolidado!$J:$J,Consolidado!$B:$B,Febrero!$B26,Consolidado!$L:$L,Febrero!I$21,Consolidado!$Q:$Q,Febrero!$B$20) -> 4737 | J26: =SUMIFS(Consolidado!$J:$J,Consolidado!$B:$B,Febrero!$B26,Consolidado!$L:$L,Febrero!J$21,Consolidado!$Q:$Q,Febrero!$B$20) -> 1836 | ... S26: =SUMIFS(Consolidado!$J:$J,Consolidado!$B:$B,Febrero!$B26,Consolidado!$L:$L,Febrero!S$21,Consolidado!$Q:$Q,Febrero!$B$20) -> 7534 | U26: =SUMIFS(Consolidado!$J:$J,Consolidado!$B:$B,Febrero!$B26,Consolidado!$L:$L,Febrero!U$21,Consolidado!$Q:$Q,Febrero!$B$20) -> 0 | V26: =SUMIFS(Consolidado!$J:$J,Consolidado!$B:$B,Febrero!$B26,Consolidado!$L:$L,Febrero!V$21,Consolidado!$Q:$Q,Febrero!$B$20) -> 0 | W26: =+SUM(C26:V26) -> 36871
B27: INT BEBITA | C27: =SUMIFS(Consolidado!$J:$J,Consolidado!$B:$B,Febrero!$B27,Consolidado!$L:$L,Febrero!C$21,Consolidado!$Q:$Q,Febrero!$B$20) -> 0 | D27: =SUMIFS(Consolidado!$J:$J,Consolidado!$B:$B,Febrero!$B27,Consolidado!$L:$L,Febrero!D$21,Consolidado!$Q:$Q,Febrero!$B$20) -> 0 | E27: =SUMIFS(Consolidado!$J:$J,Consolidado!$B:$B,Febrero!$B27,Consolidado!$L:$L,Febrero!E$21,Consolidado!$Q:$Q,Febrero!$B$20) -> 0 | F27: =SUMIFS(Consolidado!$J:$J,Consolidado!$B:$B,Febrero!$B27,Consolidado!$L:$L,Febrero!F$21,Consolidado!$Q:$Q,Febrero!$B$20) -> 0 | G27: =SUMIFS(Consolidado!$J:$J,Consolidado!$B:$B,Febrero!$B27,Consolidado!$L:$L,Febrero!G$21,Consolidado!$Q:$Q,Febrero!$B$20) -> 0 | H27: =SUMIFS(Consolidado!$J:$J,Consolidado!$B:$B,Febrero!$B27,Consolidado!$L:$L,Febrero!H$21,Consolidado!$Q:$Q,Febrero!$B$20) -> 0 | I27: =SUMIFS(Consolidado!$J:$J,Consolidado!$B:$B,Febrero!$B27,Consolidado!$L:$L,Febrero!I$21,Consolidado!$Q:$Q,Febrero!$B$20) -> 0 | J27: =SUMIFS(Consolidado!$J:$J,Consolidado!$B:$B,Febrero!$B27,Consolidado!$L:$L,Febrero!J$21,Consolidado!$Q:$Q,Febrero!$B$20) -> 0 | ... S27: =SUMIFS(Consolidado!$J:$J,Consolidado!$B:$B,Febrero!$B27,Consolidado!$L:$L,Febrero!S$21,Consolidado!$Q:$Q,Febrero!$B$20) -> 0 | U27: =SUMIFS(Consolidado!$J:$J,Consolidado!$B:$B,Febrero!$B27,Consolidado!$L:$L,Febrero!U$21,Consolidado!$Q:$Q,Febrero!$B$20) -> 0 | V27: =SUMIFS(Consolidado!$J:$J,Consolidado!$B:$B,Febrero!$B27,Consolidado!$L:$L,Febrero!V$21,Consolidado!$Q:$Q,Febrero!$B$20) -> 0 | W27: =+SUM(C27:V27) -> 0
B28: HOMBRE | C28: =SUMIFS(Consolidado!$J:$J,Consolidado!$B:$B,Febrero!$B28,Consolidado!$L:$L,Febrero!C$21,Consolidado!$Q:$Q,Febrero!$B$20) -> 104 | D28: =SUMIFS(Consolidado!$J:$J,Consolidado!$B:$B,Febrero!$B28,Consolidado!$L:$L,Febrero!D$21,Consolidado!$Q:$Q,Febrero!$B$20) -> 343 | E28: =SUMIFS(Consolidado!$J:$J,Consolidado!$B:$B,Febrero!$B28,Consolidado!$L:$L,Febrero!E$21,Consolidado!$Q:$Q,Febrero!$B$20) -> 0 | F28: =SUMIFS(Consolidado!$J:$J,Consolidado!$B:$B,Febrero!$B28,Consolidado!$L:$L,Febrero!F$21,Consolidado!$Q:$Q,Febrero!$B$20) -> 732 | G28: =SUMIFS(Consolidado!$J:$J,Consolidado!$B:$B,Febrero!$B28,Consolidado!$L:$L,Febrero!G$21,Consolidado!$Q:$Q,Febrero!$B$20) -> 916 | H28: =SUMIFS(Consolidado!$J:$J,Consolidado!$B:$B,Febrero!$B28,Consolidado!$L:$L,Febrero!H$21,Consolidado!$Q:$Q,Febrero!$B$20) -> 4111 | I28: =SUMIFS(Consolidado!$J:$J,Consolidado!$B:$B,Febrero!$B28,Consolidado!$L:$L,Febrero!I$21,Consolidado!$Q:$Q,Febrero!$B$20) -> 4562 | J28: =SUMIFS(Consolidado!$J:$J,Consolidado!$B:$B,Febrero!$B28,Consolidado!$L:$L,Febrero!J$21,Consolidado!$Q:$Q,Febrero!$B$20) -> 197 | ... S28: =SUMIFS(Consolidado!$J:$J,Consolidado!$B:$B,Febrero!$B28,Consolidado!$L:$L,Febrero!S$21,Consolidado!$Q:$Q,Febrero!$B$20) -> 4527 | U28: =SUMIFS(Consolidado!$J:$J,Consolidado!$B:$B,Febrero!$B28,Consolidado!$L:$L,Febrero!U$21,Consolidado!$Q:$Q,Febrero!$B$20) -> 0 | V28: =SUMIFS(Consolidado!$J:$J,Consolidado!$B:$B,Febrero!$B28,Consolidado!$L:$L,Febrero!V$21,Consolidado!$Q:$Q,Febrero!$B$20) -> 0 | W28: =+SUM(C28:V28) -> 30824
B29: NINA | C29: =SUMIFS(Consolidado!$J:$J,Consolidado!$B:$B,Febrero!$B29,Consolidado!$L:$L,Febrero!C$21,Consolidado!$Q:$Q,Febrero!$B$20) -> 0 | D29: =SUMIFS(Consolidado!$J:$J,Consolidado!$B:$B,Febrero!$B29,Consolidado!$L:$L,Febrero!D$21,Consolidado!$Q:$Q,Febrero!$B$20) -> 92 | E29: =SUMIFS(Consolidado!$J:$J,Consolidado!$B:$B,Febrero!$B29,Consolidado!$L:$L,Febrero!E$21,Consolidado!$Q:$Q,Febrero!$B$20) -> 0 | F29: =SUMIFS(Consolidado!$J:$J,Consolidado!$B:$B,Febrero!$B29,Consolidado!$L:$L,Febrero!F$21,Consolidado!$Q:$Q,Febrero!$B$20) -> 7371 | G29: =SUMIFS(Consolidado!$J:$J,Consolidado!$B:$B,Febrero!$B29,Consolidado!$L:$L,Febrero!G$21,Consolidado!$Q:$Q,Febrero!$B$20) -> 0 | H29: =SUMIFS(Consolidado!$J:$J,Consolidado!$B:$B,Febrero!$B29,Consolidado!$L:$L,Febrero!H$21,Consolidado!$Q:$Q,Febrero!$B$20) -> 0 | I29: =SUMIFS(Consolidado!$J:$J,Consolidado!$B:$B,Febrero!$B29,Consolidado!$L:$L,Febrero!I$21,Consolidado!$Q:$Q,Febrero!$B$20) -> 3325 | J29: =SUMIFS(Consolidado!$J:$J,Consolidado!$B:$B,Febrero!$B29,Consolidado!$L:$L,Febrero!J$21,Consolidado!$Q:$Q,Febrero!$B$20) -> 0 | ... S29: =SUMIFS(Consolidado!$J:$J,Consolidado!$B:$B,Febrero!$B29,Consolidado!$L:$L,Febrero!S$21,Consolidado!$Q:$Q,Febrero!$B$20) -> 0 | U29: =SUMIFS(Consolidado!$J:$J,Consolidado!$B:$B,Febrero!$B29,Consolidado!$L:$L,Febrero!U$21,Consolidado!$Q:$Q,Febrero!$B$20) -> 0 | V29: =SUMIFS(Consolidado!$J:$J,Consolidado!$B:$B,Febrero!$B29,Consolidado!$L:$L,Febrero!V$21,Consolidado!$Q:$Q,Febrero!$B$20) -> 0 | W29: =+SUM(C29:V29) -> 21074
B30: NINO | C30: =SUMIFS(Consolidado!$J:$J,Consolidado!$B:$B,Febrero!$B30,Consolidado!$L:$L,Febrero!C$21,Consolidado!$Q:$Q,Febrero!$B$20) -> 2020 | D30: =SUMIFS(Consolidado!$J:$J,Consolidado!$B:$B,Febrero!$B30,Consolidado!$L:$L,Febrero!D$21,Consolidado!$Q:$Q,Febrero!$B$20) -> 0 | E30: =SUMIFS(Consolidado!$J:$J,Consolidado!$B:$B,Febrero!$B30,Consolidado!$L:$L,Febrero!E$21,Consolidado!$Q:$Q,Febrero!$B$20) -> 0 | F30: =SUMIFS(Consolidado!$J:$J,Consolidado!$B:$B,Febrero!$B30,Consolidado!$L:$L,Febrero!F$21,Consolidado!$Q:$Q,Febrero!$B$20) -> 315 | G30: =SUMIFS(Consolidado!$J:$J,Consolidado!$B:$B,Febrero!$B30,Consolidado!$L:$L,Febrero!G$21,Consolidado!$Q:$Q,Febrero!$B$20) -> 2308 | H30: =SUMIFS(Consolidado!$J:$J,Consolidado!$B:$B,Febrero!$B30,Consolidado!$L:$L,Febrero!H$21,Consolidado!$Q:$Q,Febrero!$B$20) -> 1200 | I30: =SUMIFS(Consolidado!$J:$J,Consolidado!$B:$B,Febrero!$B30,Consolidado!$L:$L,Febrero!I$21,Consolidado!$Q:$Q,Febrero!$B$20) -> 0 | J30: =SUMIFS(Consolidado!$J:$J,Consolidado!$B:$B,Febrero!$B30,Consolidado!$L:$L,Febrero!J$21,Consolidado!$Q:$Q,Febrero!$B$20) -> 1538 | ... S30: =SUMIFS(Consolidado!$J:$J,Consolidado!$B:$B,Febrero!$B30,Consolidado!$L:$L,Febrero!S$21,Consolidado!$Q:$Q,Febrero!$B$20) -> 454 | U30: =SUMIFS(Consolidado!$J:$J,Consolidado!$B:$B,Febrero!$B30,Consolidado!$L:$L,Febrero!U$21,Consolidado!$Q:$Q,Febrero!$B$20) -> 0 | V30: =SUMIFS(Consolidado!$J:$J,Consolidado!$B:$B,Febrero!$B30,Consolidado!$L:$L,Febrero!V$21,Consolidado!$Q:$Q,Febrero!$B$20) -> 0 | W30: =+SUM(C30:V30) -> 14527
B31: BEBITA | C31: =SUMIFS(Consolidado!$J:$J,Consolidado!$B:$B,Febrero!$B31,Consolidado!$L:$L,Febrero!C$21,Consolidado!$Q:$Q,Febrero!$B$20) -> 623 | D31: =SUMIFS(Consolidado!$J:$J,Consolidado!$B:$B,Febrero!$B31,Consolidado!$L:$L,Febrero!D$21,Consolidado!$Q:$Q,Febrero!$B$20) -> 264 | E31: =SUMIFS(Consolidado!$J:$J,Consolidado!$B:$B,Febrero!$B31,Consolidado!$L:$L,Febrero!E$21,Consolidado!$Q:$Q,Febrero!$B$20) -> 324 | F31: =SUMIFS(Consolidado!$J:$J,Consolidado!$B:$B,Febrero!$B31,Consolidado!$L:$L,Febrero!F$21,Consolidado!$Q:$Q,Febrero!$B$20) -> 0 | G31: =SUMIFS(Consolidado!$J:$J,Consolidado!$B:$B,Febrero!$B31,Consolidado!$L:$L,Febrero!G$21,Consolidado!$Q:$Q,Febrero!$B$20) -> 744 | H31: =SUMIFS(Consolidado!$J:$J,Consolidado!$B:$B,Febrero!$B31,Consolidado!$L:$L,Febrero!H$21,Consolidado!$Q:$Q,Febrero!$B$20) -> 1087 | I31: =SUMIFS(Consolidado!$J:$J,Consolidado!$B:$B,Febrero!$B31,Consolidado!$L:$L,Febrero!I$21,Consolidado!$Q:$Q,Febrero!$B$20) -> 323 | J31: =SUMIFS(Consolidado!$J:$J,Consolidado!$B:$B,Febrero!$B31,Consolidado!$L:$L,Febrero!J$21,Consolidado!$Q:$Q,Febrero!$B$20) -> 0 | ... S31: =SUMIFS(Consolidado!$J:$J,Consolidado!$B:$B,Febrero!$B31,Consolidado!$L:$L,Febrero!S$21,Consolidado!$Q:$Q,Febrero!$B$20) -> 0 | U31: =SUMIFS(Consolidado!$J:$J,Consolidado!$B:$B,Febrero!$B31,Consolidado!$L:$L,Febrero!U$21,Consolidado!$Q:$Q,Febrero!$B$20) -> 0 | V31: =SUMIFS(Consolidado!$J:$J,Consolidado!$B:$B,Febrero!$B31,Consolidado!$L:$L,Febrero!V$21,Consolidado!$Q:$Q,Febrero!$B$20) -> 0 | W31: =+SUM(C31:V31) -> 9920
B32: BEBITO | C32: =SUMIFS(Consolidado!$J:$J,Consolidado!$B:$B,Febrero!$B32,Consolidado!$L:$L,Febrero!C$21,Consolidado!$Q:$Q,Febrero!$B$20) -> 0 | D32: =SUMIFS(Consolidado!$J:$J,Consolidado!$B:$B,Febrero!$B32,Consolidado!$L:$L,Febrero!D$21,Consolidado!$Q:$Q,Febrero!$B$20) -> 571 | E32: =SUMIFS(Consolidado!$J:$J,Consolidado!$B:$B,Febrero!$B32,Consolidado!$L:$L,Febrero!E$21,Consolidado!$Q:$Q,Febrero!$B$20) -> 576 | F32: =SUMIFS(Consolidado!$J:$J,Consolidado!$B:$B,Febrero!$B32,Consolidado!$L:$L,Febrero!F$21,Consolidado!$Q:$Q,Febrero!$B$20) -> 0 | G32: =SUMIFS(Consolidado!$J:$J,Consolidado!$B:$B,Febrero!$B32,Consolidado!$L:$L,Febrero!G$21,Consolidado!$Q:$Q,Febrero!$B$20) -> 828 | H32: =SUMIFS(Consolidado!$J:$J,Consolidado!$B:$B,Febrero!$B32,Consolidado!$L:$L,Febrero!H$21,Consolidado!$Q:$Q,Febrero!$B$20) -> 788 | I32: =SUMIFS(Consolidado!$J:$J,Consolidado!$B:$B,Febrero!$B32,Consolidado!$L:$L,Febrero!I$21,Consolidado!$Q:$Q,Febrero!$B$20) -> 544 | J32: =SUMIFS(Consolidado!$J:$J,Consolidado!$B:$B,Febrero!$B32,Consolidado!$L:$L,Febrero!J$21,Consolidado!$Q:$Q,Febrero!$B$20) -> 0 | ... S32: =SUMIFS(Consolidado!$J:$J,Consolidado!$B:$B,Febrero!$B32,Consolidado!$L:$L,Febrero!S$21,Consolidado!$Q:$Q,Febrero!$B$20) -> 2004 | U32: =SUMIFS(Consolidado!$J:$J,Consolidado!$B:$B,Febrero!$B32,Consolidado!$L:$L,Febrero!U$21,Consolidado!$Q:$Q,Febrero!$B$20) -> 0 | V32: =SUMIFS(Consolidado!$J:$J,Consolidado!$B:$B,Febrero!$B32,Consolidado!$L:$L,Febrero!V$21,Consolidado!$Q:$Q,Febrero!$B$20) -> 0 | W32: =+SUM(C32:V32) -> 11285
B33: HOGAR | C33: =SUMIFS(Consolidado!$J:$J,Consolidado!$B:$B,Febrero!$B33,Consolidado!$L:$L,Febrero!C$21,Consolidado!$Q:$Q,Febrero!$B$20) -> 2197 | D33: =SUMIFS(Consolidado!$J:$J,Consolidado!$B:$B,Febrero!$B33,Consolidado!$L:$L,Febrero!D$21,Consolidado!$Q:$Q,Febrero!$B$20) -> 0 | E33: =SUMIFS(Consolidado!$J:$J,Consolidado!$B:$B,Febrero!$B33,Consolidado!$L:$L,Febrero!E$21,Consolidado!$Q:$Q,Febrero!$B$20) -> 4800 | F33: =SUMIFS(Consolidado!$J:$J,Consolidado!$B:$B,Febrero!$B33,Consolidado!$L:$L,Febrero!F$21,Consolidado!$Q:$Q,Febrero!$B$20) -> 0 | G33: =SUMIFS(Consolidado!$J:$J,Consolidado!$B:$B,Febrero!$B33,Consolidado!$L:$L,Febrero!G$21,Consolidado!$Q:$Q,Febrero!$B$20) -> 1194 | H33: =SUMIFS(Consolidado!$J:$J,Consolidado!$B:$B,Febrero!$B33,Consolidado!$L:$L,Febrero!H$21,Consolidado!$Q:$Q,Febrero!$B$20) -> 2340 | I33: =SUMIFS(Consolidado!$J:$J,Consolidado!$B:$B,Febrero!$B33,Consolidado!$L:$L,Febrero!I$21,Consolidado!$Q:$Q,Febrero!$B$20) -> 276 | J33: =SUMIFS(Consolidado!$J:$J,Consolidado!$B:$B,Febrero!$B33,Consolidado!$L:$L,Febrero!J$21,Consolidado!$Q:$Q,Febrero!$B$20) -> 4987 | ... S33: =SUMIFS(Consolidado!$J:$J,Consolidado!$B:$B,Febrero!$B33,Consolidado!$L:$L,Febrero!S$21,Consolidado!$Q:$Q,Febrero!$B$20) -> 2950 | U33: =SUMIFS(Consolidado!$J:$J,Consolidado!$B:$B,Febrero!$B33,Consolidado!$L:$L,Febrero!U$21,Consolidado!$Q:$Q,Febrero!$B$20) -> 0 | V33: =SUMIFS(Consolidado!$J:$J,Consolidado!$B:$B,Febrero!$B33,Consolidado!$L:$L,Febrero!V$21,Consolidado!$Q:$Q,Febrero!$B$20) -> 0 | W33: =+SUM(C33:V33) -> 18744
... B35: COLEGIAL | C35: =SUMIFS(Consolidado!$J:$J,Consolidado!$B:$B,Febrero!$B35,Consolidado!$L:$L,Febrero!C$21,Consolidado!$Q:$Q,Febrero!$B$20) -> 408 | D35: =SUMIFS(Consolidado!$J:$J,Consolidado!$B:$B,Febrero!$B35,Consolidado!$L:$L,Febrero!D$21,Consolidado!$Q:$Q,Febrero!$B$20) -> 0 | E35: =SUMIFS(Consolidado!$J:$J,Consolidado!$B:$B,Febrero!$B35,Consolidado!$L:$L,Febrero!E$21,Consolidado!$Q:$Q,Febrero!$B$20) -> 0 | F35: =SUMIFS(Consolidado!$J:$J,Consolidado!$B:$B,Febrero!$B35,Consolidado!$L:$L,Febrero!F$21,Consolidado!$Q:$Q,Febrero!$B$20) -> 0 | G35: =SUMIFS(Consolidado!$J:$J,Consolidado!$B:$B,Febrero!$B35,Consolidado!$L:$L,Febrero!G$21,Consolidado!$Q:$Q,Febrero!$B$20) -> 0 | H35: =SUMIFS(Consolidado!$J:$J,Consolidado!$B:$B,Febrero!$B35,Consolidado!$L:$L,Febrero!H$21,Consolidado!$Q:$Q,Febrero!$B$20) -> 0 | I35: =SUMIFS(Consolidado!$J:$J,Consolidado!$B:$B,Febrero!$B35,Consolidado!$L:$L,Febrero!I$21,Consolidado!$Q:$Q,Febrero!$B$20) -> 0 | J35: =SUMIFS(Consolidado!$J:$J,Consolidado!$B:$B,Febrero!$B35,Consolidado!$L:$L,Febrero!J$21,Consolidado!$Q:$Q,Febrero!$B$20) -> 0 | ... S35: =SUMIFS(Consolidado!$J:$J,Consolidado!$B:$B,Febrero!$B35,Consolidado!$L:$L,Febrero!S$21,Consolidado!$Q:$Q,Febrero!$B$20) -> 0 | U35: =SUMIFS(Consolidado!$J:$J,Consolidado!$B:$B,Febrero!$B35,Consolidado!$L:$L,Febrero!U$21,Consolidado!$Q:$Q,Febrero!$B$20) -> 0 | V35: =SUMIFS(Consolidado!$J:$J,Consolidado!$B:$B,Febrero!$B35,Consolidado!$L:$L,Febrero!V$21,Consolidado!$Q:$Q,Febrero!$B$20) -> 0 | W35: =+SUM(C35:V35) -> 408
B36: TOTAL | C36: =SUM(C22:C35) -> 26317 | D36: =SUM(D22:D35) -> 6306 | E36: =SUM(E22:E35) -> 16787 | F36: =SUM(F22:F35) -> 19381 | G36: =SUM(G22:G35) -> 17063 | H36: =SUM(H22:H35) -> 28706 | I36: =SUM(I22:I35) -> 26045 | J36: =SUM(J22:J35) -> 24307 | ... V36: =SUM(V22:V35) -> 0 | W36: =SUM(C36:V36) -> 443710 | X36: 442563 | Y36: =W36-X36 -> 1147
B38: Capacidad diaria | C38: =+$W$36/17 -> 26100.588 | D38: =+$W$36/17 -> 26100.588 | E38: =+$W$36/17 -> 26100.588 | F38: =+E38 -> 26100.588 | G38: =+F38 -> 26100.588 | H38: =+G38 -> 26100.588 | I38: =+H38 -> 26100.588 | J38: =+I38 -> 26100.588 | K38: =+J38 -> 26100.588 | L38: =+K38 -> 26100.588 | M38: =+L38 -> 26100.588 | ... V38: =+U38 -> 26100.588
B40: Cupo día | C40: =C36-C38 -> 216.41176 | D40: =D36-D38 -> -19794.588 | E40: =E36-E38 -> -9313.5882 | F40: =F36-F38 -> -6719.5882 | G40: =G36-G38 -> -9037.5882 | H40: =H36-H38 -> 2605.4118 | I40: =I36-I38 -> -55.588235 | J40: =J36-J38 -> -1793.5882 | ... V40: =V36-V38 -> -26100.588
C41: =+IF(C40>10000,"Corregir",IF(C40<-10000,"Corregir","")) | D41: =+IF(D40>10000,"Corregir",IF(D40<-10000,"Corregir","")) -> Corregir | E41: =+IF(E40>10000,"Corregir",IF(E40<-10000,"Corregir","")) | F41: =+IF(F40>10000,"Corregir",IF(F40<-10000,"Corregir","")) | G41: =+IF(G40>10000,"Corregir",IF(G40<-10000,"Corregir","")) | H41: =+IF(H40>10000,"Corregir",IF(H40<-10000,"Corregir","")) | I41: =+IF(I40>10000,"Corregir",IF(I40<-10000,"Corregir","")) | J41: =+IF(J40>10000,"Corregir",IF(J40<-10000,"Corregir","")) | ... P41: =+IF(P40>10000,"Corregir",IF(P40<-10000,"Corregir","")) | Q41: =+IF(Q40>5000,"Corregir",IF(Q40<-5000,"Corregir","")) | R41: =+IF(R40>5000,"Corregir",IF(R40<-5000,"Corregir","")) -> Corregir | S41: =+IF(S40>5000,"Corregir",IF(S40<-5000,"Corregir","")) -> Corregir | T41: =+IF(T40>5000,"Corregir",IF(T40<-5000,"Corregir","")) -> Corregir | U41: =+IF(U40>5000,"Corregir",IF(U40<-5000,"Corregir","")) -> Corregir | V41: =+IF(V40>5000,"Corregir",IF(V40<-5000,"Corregir","")) -> Corregir
B43: TIENDAS | C43: =SUMIFS(Consolidado!$J:$J,Consolidado!$Q:$Q,Febrero!$B43,Consolidado!$L:$L,Febrero!C$21) -> 0 | D43: =SUMIFS(Consolidado!$J:$J,Consolidado!$Q:$Q,Febrero!$B43,Consolidado!$L:$L,Febrero!D$21) -> 0 | E43: =SUMIFS(Consolidado!$J:$J,Consolidado!$Q:$Q,Febrero!$B43,Consolidado!$L:$L,Febrero!E$21) -> 0 | F43: =SUMIFS(Consolidado!$J:$J,Consolidado!$Q:$Q,Febrero!$B43,Consolidado!$L:$L,Febrero!F$21) -> 0 | G43: =SUMIFS(Consolidado!$J:$J,Consolidado!$Q:$Q,Febrero!$B43,Consolidado!$L:$L,Febrero!G$21) -> 0 | H43: =SUMIFS(Consolidado!$J:$J,Consolidado!$Q:$Q,Febrero!$B43,Consolidado!$L:$L,Febrero!H$21) -> 0 | I43: =SUMIFS(Consolidado!$J:$J,Consolidado!$Q:$Q,Febrero!$B43,Consolidado!$L:$L,Febrero!I$21) -> 0 | J43: =SUMIFS(Consolidado!$J:$J,Consolidado!$Q:$Q,Febrero!$B43,Consolidado!$L:$L,Febrero!J$21) -> 0 | ... V43: =SUMIFS(Consolidado!$J:$J,Consolidado!$Q:$Q,Febrero!$B43,Consolidado!$L:$L,Febrero!V$21) -> 0 | W43: =SUM(C43:V43) -> 50758
B44: VMI CERTIFICADO | C44: =SUMIFS(Consolidado!$J:$J,Consolidado!$Q:$Q,Febrero!$B44,Consolidado!$L:$L,Febrero!C$21) -> 4751 | D44: =SUMIFS(Consolidado!$J:$J,Consolidado!$Q:$Q,Febrero!$B44,Consolidado!$L:$L,Febrero!D$21) -> 0 | E44: =SUMIFS(Consolidado!$J:$J,Consolidado!$Q:$Q,Febrero!$B44,Consolidado!$L:$L,Febrero!E$21) -> 5450 | F44: =SUMIFS(Consolidado!$J:$J,Consolidado!$Q:$Q,Febrero!$B44,Consolidado!$L:$L,Febrero!F$21) -> 0 | G44: =SUMIFS(Consolidado!$J:$J,Consolidado!$Q:$Q,Febrero!$B44,Consolidado!$L:$L,Febrero!G$21) -> 0 | H44: =SUMIFS(Consolidado!$J:$J,Consolidado!$Q:$Q,Febrero!$B44,Consolidado!$L:$L,Febrero!H$21) -> 0 | I44: =SUMIFS(Consolidado!$J:$J,Consolidado!$Q:$Q,Febrero!$B44,Consolidado!$L:$L,Febrero!I$21) -> 0 | J44: =SUMIFS(Consolidado!$J:$J,Consolidado!$Q:$Q,Febrero!$B44,Consolidado!$L:$L,Febrero!J$21) -> 0 | ... V44: =SUMIFS(Consolidado!$J:$J,Consolidado!$Q:$Q,Febrero!$B44,Consolidado!$L:$L,Febrero!V$21) -> 0 | W44: =SUM(C44:V44) -> 82913.616
